ticker,shortName,sector,industry,marketCap,currentPrice,trailingPE,forwardPE,priceToBook,enterpriseToEbitda,returnOnEquity,profitMargins,operatingMargins,revenueGrowth,earningsGrowth,debtToEquity,freeCashflow,dividendYield,beta,targetMeanPrice,targetHighPrice,targetLowPrice,targetMedianPrice,numberOfAnalystOpinions,recommendationKey,recommendationMean,fiftyTwoWeekHigh,fiftyTwoWeekLow,fiftyDayAverage,twoHundredDayAverage,earningsTimestamp,earningsTimestampStart
A,"Agilent Technologies, Inc.",Healthcare,Diagnostics & Research,41423806464,146.93,28.980274,21.74373,5.626699,21.064,0.20971,0.19533001,0.25559,0.081,0.085,56.336,1060374976,0.69,1.241,174.95238,190.0,155.0,175.0,21,buy,1.73913,163.75,108.35,143.2612,131.575,1787774400,1795636800
AAPL,Apple Inc.,Technology,Consumer Electronics,4849207869440,332.27,38.148106,34.673397,45.14538,29.002,1.4875101,0.27618998,0.32623002,0.164,0.287,78.445,107721875456,0.33,1.085,325.65796,400.0,215.0,335.0,39,buy,2.18182,344.57,235.03,317.9742,284.95334,1785441600,1793304000
ABBV,AbbVie Inc.,Healthcare,Drug Manufacturers - General,454361186304,257.12,72.42817,15.794077,-76.54659,16.862,,0.098000005,0.40035,0.102,2.904,,16870250496,2.69,0.281,277.31033,328.0,200.0,282.0,29,buy,1.67742,267.47,190.75,254.5074,228.73605,1785501000,1793277000
ABNB,"Airbnb, Inc.",Consumer Cyclical,Travel Services,101907333120,170.19,38.94508,27.508255,12.87465,32.875,0.34542,0.2045,0.21009001,0.165,0.334,32.004,3206874880,,1.161,182.975,220.0,125.0,185.0,40,buy,2.06667,193.453,110.81,164.94,140.54108,1786046400,1793908800
ABT,Abbott Laboratories,Healthcare,Medical Devices,177577836544,101.95,32.993526,16.808315,3.451603,17.48,0.10576,0.116450004,0.14706999,0.13,-0.475,63.212,7209124864,2.44,0.586,120.2636,135.0,103.0,120.0,25,buy,1.51852,137.49,81.97,105.3,105.8446,1784205000,1791981000
ACGL,Arch Capital Group Ltd.,Financial Services,Insurance - Diversified,32766689280,96.09,7.5187793,9.848001,1.4065107,5.985,0.19936001,0.24396999,0.26584998,-0.105,-0.071,17.836,4302125056,,0.282,111.86842,134.0,95.0,111.0,19,none,,107.09,82.45,99.923,96.1837,1785268800,1793044800
ACN,Accenture plc,Technology,Information Technology Services,112536141824,183.9,14.688498,12.531532,3.5283284,8.681,0.24406,0.10656,0.16964,0.056,0.09,25.035,12089380864,3.55,1.092,183.5884,275.0,130.0,185.0,25,buy,2.07407,291.09,118.15,165.8522,201.61514,1790857800,1790857800
ADBE,Adobe Inc.,Technology,Software - Application,100261421056,252.23,14.083194,9.117642,8.46921,10.328,0.61902,0.28048,0.34822,0.129,0.105,57.48,9129875456,,1.417,279.04706,377.07,190.0,270.0,34,hold,2.725,370.86,190.12,252.6082,266.6048,1796846400,1796846400
ADI,"Analog Devices, Inc.",Technology,Semiconductors,183543709696,378.78,45.039238,23.169638,5.4706163,27.501,0.12227,0.29787,0.39503,0.396,1.635,27.314,4147339008,1.16,1.205,470.71875,675.0,365.0,463.5,32,strong_buy,1.38235,445.91,223.47,375.4344,351.0403,1787142600,1795523400
ADM,Archer-Daniels-Midland Company,Consumer Defensive,Farm Products,41795268608,86.72,23.693989,15.12116,1.7731613,16.809,0.07642,0.021559998,0.04008,0.072,3.156,39.134,1164625024,2.39,0.613,80.1,95.0,60.0,81.0,10,hold,3.0,88.75,55.58,81.7308,72.66595,1785846600,1793709000
ADP,"Automatic Data Processing, Inc.",Technology,Software - Application,106569711616,268.26,24.49863,20.021734,17.694084,16.823,0.72239,0.20109,0.23459,0.068,0.098,91.436,5243049984,2.53,0.83,287.6,322.0,225.0,287.0,15,hold,2.72222,294.93,188.16,265.2082,237.373,1785328200,1793190600
ADSK,"Autodesk, Inc.",Technology,Software - Application,44391600128,212.4,27.548637,14.942477,13.12164,19.222,0.53854,0.21078,0.29228002,0.161,0.596,109.518,3157499904,,1.309,315.74734,456.0,233.41,312.5,34,strong_buy,1.47222,326.71,185.5,231.8176,245.41095,1787860800,1795809600
AEE,Ameren Corporation,Utilities,Utilities - Regulated Electric,29040859136,104.9,18.468311,18.041508,2.1214635,13.035,0.11943,0.18583,0.25236,-0.062,0.119,157.846,-1786249984,2.86,0.47,120.4,136.0,108.0,120.0,15,none,,118.32,96.57,109.4854,107.8536,1785441600,1793822400
AEP,American Electric Power Company,Utilities,Utilities - Regulated Electric,67140530176,123.33,21.37435,17.98642,2.0928576,13.431,0.10130999,0.13781999,0.23251,0.07,-0.432,160.789,-5995950080,3.08,0.5,144.0,173.0,129.0,142.5,20,buy,2.0,140.58,105.7,128.248,126.9404,1785414600,1793277000
AES,The AES Corporation,Utilities,Utilities - Diversified,10547602432,14.79,5.5393257,6.2391896,2.1341991,12.168,0.095740005,0.1434,0.18673,0.199,,256.886,-3089125120,4.76,0.95,15.0,15.0,15.0,15.0,8,hold,3.0,17.65,12.33,14.7538,14.6143,,1793822400
AFL,AFLAC Incorporated,Financial Services,Insurance - Life,57794854912,115.28,12.435814,15.286205,1.9101272,10.723,0.16908,0.26908,0.25722998,-0.01,0.468,53.365,5152249856,2.12,0.58,118.53333,138.0,99.0,116.0,15,none,,130.22,105.43,121.1758,114.65585,1793822400,1793822400
AIG,"American International Group, I",Financial Services,Insurance - Diversified,39389544448,75.33,13.74635,8.57337,0.9734319,4.67,0.0722,0.11089,0.19414,0.005,-0.101,22.466,7365000192,2.65,0.511,88.5,101.0,80.0,88.0,20,buy,2.31818,87.29,71.25,77.8498,77.3496,1786046400,1793822400
AIZ,"Assurant, Inc.",Financial Services,Insurance - Property & Casualty,13931991040,282.46,13.5148325,12.053704,2.2874217,8.121,0.18341999,0.07903,0.11734,0.094,0.305,36.211,2149574912,1.25,0.542,330.0,355.0,320.0,327.0,6,strong_buy,1.42857,303.94,205.01,281.6644,246.9349,1785873600,1793736000
AJG,Arthur J. Gallagher & Co.,Financial Services,Insurance Brokers,61603868672,240.32,39.85406,16.138878,2.5970433,17.338,0.06722,0.10378,0.1916,0.309,-0.107,59.401,2082300032,1.17,0.506,291.72223,388.0,253.0,288.5,18,buy,1.72727,313.55,190.75,254.8284,233.79974,1785441600,1793304000
AKAM,"Akamai Technologies, Inc.",Technology,Software - Infrastructure,15347496960,106.79,38.692028,14.858587,3.2292109,19.753,0.08918,0.09507,0.076290004,0.054,-0.268,196.672,710060096,,0.635,153.31348,195.0,93.0,155.0,23,buy,2.08,165.45,70.82,115.4138,109.9824,1786046400,1793908800
ALB,Albemarle Corporation,Basic Materials,Specialty Chemicals,13867954176,117.52,435.25922,10.402532,1.7246845,11.285,0.02648,0.03795,0.2771,0.311,,18.976,1334340224,1.4,1.334,172.564,225.0,83.28,172.5,20,buy,1.95455,221.0,77.5,127.188,156.64964,1785960000,1793822400
ALGN,"Align Technology, Inc.",Healthcare,Medical Instruments & Supplies,10714231808,150.82,26.184029,12.018919,2.538758,10.514,0.10155,0.09991,0.18247,0.043,-0.121,2.855,594111360,,1.643,208.6,240.0,170.0,209.0,15,buy,1.94118,200.44,122.0,169.51,170.8795,1785355200,1793217600
ALL,Allstate Corporation (The),Financial Services,Insurance - Property & Casualty,64152592384,253.71,5.081314,9.189781,2.0330794,3.968,0.46113998,0.18971,0.22827,0.118,0.612,22.261,15158625280,1.72,0.15,274.77274,334.0,191.0,281.0,22,hold,2.6,277.22,188.08,257.7186,222.5788,1793822400,1793822400
ALLE,Allegion plc,Industrials,Security & Protection Services,13040391168,153.35,20.124674,15.6892805,6.156904,14.24,0.3373,0.15357,0.22102,0.127,0.162,104.895,484449984,1.43,0.841,174.63635,200.0,160.0,170.0,11,buy,2.27273,183.11,125.0,153.7666,150.93324,1784809800,1792672200
AMAT,"Applied Materials, Inc.",Technology,Semiconductor Equipment & Materials,362269278208,456.49,39.38654,24.735582,14.136756,35.488,0.41068,0.30052,0.33736,0.248,0.428,28.666,3075375104,0.46,1.597,640.8857,900.0,358.0,650.0,35,strong_buy,1.46154,739.67,168.53,516.8534,411.8012,1794513600,1794513600
AMCR,Amcor plc,Consumer Cyclical,Packaging & Containers,19566469120,42.32,17.781511,9.713841,1.6581773,9.498,0.09396,0.04705,0.09691,0.259,,128.294,1504000000,6.14,0.595,50.17917,60.0,42.0,50.5,12,buy,2.07143,50.94,36.25,45.3286,42.7724,1786537800,1793881800
AMD,"Advanced Micro Devices, Inc.",Technology,Semiconductors,842569351168,516.13,131.66582,33.276188,12.530164,87.192,0.10196,0.15577,0.1725,0.501,1.595,6.361,8841499648,,2.476,615.068,1250.0,365.0,610.0,50,strong_buy,1.49091,584.73,149.85,496.5488,346.91254,1785873600,1793736000
AME,"AMETEK, Inc.",Industrials,Specialty Industrial Machinery,55437328384,241.87,35.36111,25.234167,4.924264,22.901,0.14562,0.20044,0.26182,0.15,0.142,20.522,1492221312,0.56,0.989,278.33334,316.0,217.0,283.5,18,buy,1.7,261.16,179.24,241.2728,226.9028,1785846600,1793277000
AMGN,Amgen Inc.,Healthcare,Drug Manufacturers - General,204007489536,377.35,23.42334,15.463422,17.453747,14.323,0.91473,0.22951001,0.35548002,0.095,0.649,490.281,8645624832,2.67,0.426,388.0345,457.0,225.0,395.0,29,hold,2.58824,447.03,269.77,399.0998,359.3679,1785873600,1793736000
AMP,"Ameriprise Financial, Inc.",Financial Services,Asset Management,49292722176,557.61,13.478608,10.792076,7.7473807,,0.63432,0.199,0.30719998,0.116,0.117,67.578,2903124992,1.22,1.134,579.4545,645.0,489.0,562.0,11,none,,572.56,422.37,543.0602,489.75876,1784809800,1793277000
AMT,American Tower Corporation (REI,Real Estate,REIT - Specialty,82871001088,177.85,24.46355,25.370756,22.278593,18.826,0.33914003,0.31083,0.45411,0.047,1.385,438.721,2920012544,3.92,0.895,215.69565,260.0,188.0,210.0,23,buy,1.52,199.13,160.06,171.6782,177.55305,1785241800,1793104200
AMZN,"Amazon.com, Inc.",Consumer Cyclical,Internet Retail,2769709432832,256.78,20.658085,24.681154,5.0195484,17.159,0.30558002,0.1744,0.13689,0.196,2.423,45.617,3219124992,,1.443,328.1707,405.0,230.0,325.5,60,strong_buy,1.30645,287.2,196.0,255.2528,239.7977,1785441600,1793304000
ANET,"Arista Networks, Inc.",Technology,Computer Hardware,251727839232,199.59,63.3619,38.67813,17.010994,51.38,0.31476,0.38371,0.45393002,0.377,0.357,,3891512576,,1.617,241.03607,289.0,185.0,246.5,28,strong_buy,1.25806,214.89,114.52,185.2968,153.3965,1785873600,1793736000
AON,Aon plc,Financial Services,Insurance Brokers,64208248832,302.69,16.695534,14.901295,6.685736,13.406,0.44699,0.22268,0.23457001,0.022,-0.03,163.481,3190874880,1.07,0.66,382.66666,433.0,266.0,387.0,18,buy,2.25,382.34,302.44,351.1324,336.4624,1785328200,1793363400
AOS,A.O. Smith Corporation,Industrials,Specialty Industrial Machinery,7799793152,57.39,15.986073,14.029761,4.2347994,10.585,0.27133,0.13149,0.18929,-0.007,-0.15,36.766,484612512,2.51,1.153,69.90909,84.0,59.0,70.0,11,hold,2.53846,81.87,54.16,60.9734,65.0762,1785414600,1793104200
APA,APA Corporation,Energy,Oil & Gas E&P,15671223296,44.73,9.436709,10.175067,2.2340426,3.502,0.26659,0.19564,0.56331,0.092,0.263,48.854,2146749952,2.24,0.366,45.52,62.0,36.0,45.0,25,hold,2.55556,46.1,21.63,38.7776,33.9813,1785960000,1793822400
APD,"Air Products and Chemicals, Inc",Basic Materials,Specialty Chemicals,64897245184,291.43,,20.186522,4.6743226,18.245,0.00023,-0.00375,0.25536,0.046,,110.091,-1497500032,2.48,0.754,345.10526,373.0,314.0,351.0,19,buy,1.86364,314.87,229.11,300.7622,283.3278,1785414600,1793881800
APH,Amphenol Corporation,Technology,Electronic Components,206943928320,83.92,41.96,25.633585,13.354551,23.296,0.38115,0.17729001,0.29779,0.55,0.593,120.415,3818374912,0.6,1.242,99.26471,115.0,85.0,99.0,17,strong_buy,1.47059,89.26,58.67,80.2705,73.173,1793190600,1793190600
APO,"Apollo Global Management, Inc. ",Financial Services,Asset Management,76168257536,128.98,45.900356,12.014065,3.7887378,,0.11412,0.052670002,0.21952,0.638,0.637,100.969,,1.76,1.514,153.47368,173.0,130.0,154.0,19,buy,1.7619,153.29,99.56,127.9782,127.8241,1785846600,1793709000
APP,Applovin Corporation,Communication Services,Advertising Agencies,108413378560,323.96,24.88172,15.443736,34.339622,20.107,2.03686,0.64575994,0.77678,0.528,0.57,111.13,3179956224,,2.488,508.3871,790.0,325.0,510.0,31,buy,1.57576,745.61,297.5,377.5836,481.83377,1785960000,1793822400
APTV,Aptiv PLC,Consumer Cyclical,Auto Parts,9637198848,45.54,20.606335,6.9648256,1.0840793,4.447,0.05158,0.010720001,0.12675999,0.023,-0.353,64.938,1615874944,,1.33,67.05263,78.0,55.0,66.0,19,buy,1.57143,88.93,43.83,52.0852,65.81985,1785846600,1793277000
ARE,Alexandria Real Estate Equities,Real Estate,REIT - Office,8800952320,51.14,,-63.135803,0.56134266,14.159,-0.040760003,-0.36078998,0.17282,-0.119,,68.67,1344973952,5.63,1.168,53.0,60.0,47.0,52.5,14,hold,2.9375,88.24,39.41,50.4602,50.14,1793044800,1793044800
ARES,Ares Management Corporation,Financial Services,Asset Management,43674984448,131.64,60.10959,18.300438,11.933641,34.315,0.14941,0.10628,0.19381,0.058,0.065,172.378,2159716096,4.1,1.517,147.77779,168.0,122.0,149.0,18,buy,2.0,186.85,95.8,132.9092,133.0111,1785501000,1793622600
ATO,Atmos Energy Corporation,Utilities,Utilities - Regulated Gas,27577243648,163.19,19.450537,18.09537,1.8073584,14.244,0.09792,0.28496,0.37223998,0.048,0.233,67.662,-2220956928,2.43,0.594,186.54546,206.0,170.0,184.0,11,hold,2.71429,192.51,160.1,172.2104,175.38985,1785960000,1793822400
AVB,"AvalonBay Communities, Inc.",Real Estate,REIT - Residential,26283393024,184.06,25.248285,36.584446,2.1691887,19.136,0.08487,0.33321998,0.30628002,0.023,-0.413,75.129,1409144064,0.0387,0.773,201.70589,225.0,189.0,201.0,17,hold,2.52632,185.62,57.320084,67.11524,64.52918,,
AVGO,Broadcom Inc.,Technology,Semiconductors,1728006324224,361.99,46.231163,18.674767,17.335026,33.744,0.44245,0.42944,0.54307,0.855,2.153,59.604,30596499456,0.72,1.457,531.8468,715.0,215.88,535.0,47,strong_buy,1.26,495.0,289.96,383.0856,370.20276,1796846400,1796846400
AVY,Avery Dennison Corporation,Consumer Cyclical,Packaging & Containers,12955941888,169.38,18.511477,15.141817,5.5349326,10.857,0.3116,0.076220006,0.13586001,0.109,0.108,158.653,1004600000,2.36,0.814,201.8,225.0,181.0,204.5,10,buy,1.54545,199.54,152.42,170.5626,173.1133,1785414600,1792585800
AWK,"American Water Works Company, I",Utilities,Utilities - Regulated Water,27362996224,137.69,23.863085,20.970629,2.3457358,14.831,0.10095,0.21347,0.40664002,0.062,0.086,137.745,-1785374976,2.6,0.58,141.45454,162.0,128.0,140.0,11,hold,2.61538,145.64,120.57,135.699,131.73285,1793217600,1793217600
AXON,"Axon Enterprise, Inc.",Industrials,Aerospace & Defense,38940344320,479.34,199.72499,45.332504,10.59713,242.865,0.06221,0.06191,0.0517,0.353,-0.182,50.363,222160000,,1.399,706.2105,830.0,440.0,700.0,19,buy,1.66667,792.16,339.01,563.2996,504.7952,1785960000,1793736000
AXP,American Express Company,Financial Services,Credit Services,219266351104,324.69,19.690115,16.106247,6.3934236,,0.34377,0.16141,0.2032,0.128,0.11,172.38,,1.17,1.048,375.9556,450.0,315.0,382.0,25,buy,2.3,387.49,290.97,339.9574,336.66916,1792758600,1792758600
AZO,"AutoZone, Inc.",Consumer Cyclical,Auto Parts,46963965952,2876.75,19.801418,16.447311,-16.911018,14.02,,0.12399,0.19082001,0.084,0.077,,903784256,,0.34,3913.5652,4800.0,3200.0,3850.0,23,strong_buy,1.48148,4357.81,2865.1272,3014.8223,3362.6333,1790080200,1790080200
BA,Boeing Company (The),Industrials,Aerospace & Defense,166211829760,210.45,75.70144,51.449986,27.274494,-67.387,1.73537,0.025910001,4.0000003e-05,0.08,,790.875,5625375232,,1.213,274.84616,305.0,246.0,278.5,26,buy,1.53571,254.35,176.77,218.719,220.7366,1785241800,1793190600
BAC,Bank of America Corporation,Financial Services,Banks - Diversified,438375383040,62.69,14.47806,11.841551,1.5934625,,0.111990005,0.29524,0.38305,0.168,0.341,,,2.04,1.164,69.0,79.0,62.0,68.0,21,buy,1.54167,65.23,46.12,62.004,55.09345,1791981000,1791981000
BALL,Ball Corporation,Consumer Cyclical,Packaging & Containers,15948166144,59.9,17.163324,13.244097,2.758462,11.059,0.17151,0.0661,0.09232,0.197,0.092,131.495,379875008,1.34,0.951,72.57143,79.0,63.0,73.5,14,buy,1.66667,68.29,44.83,62.7704,59.3394,1785846600,1793709000
BAX,Baxter International Inc.,Healthcare,Medical Instruments & Supplies,12304504832,23.8,,11.68729,1.9826725,10.507,-0.14371,-0.09268,0.14425999,0.053,0.368,156.449,1000374976,0.17,0.595,28.72727,40.0,23.0,28.0,11,hold,2.76923,30.0,15.73,24.9192,20.4733,1785414600,1793277000
BBY,"Best Buy Co., Inc.",Consumer Cyclical,Specialty Retail,19043274752,90.8,15.108153,12.588016,6.0021152,7.935,0.43126,0.03014,0.03896,0.036,0.701,130.097,1403374976,4.36,1.305,86.7,100.0,71.0,85.0,20,hold,2.8,91.37,55.1,84.978,71.75485,1787833800,1795523400
BDX,"Becton, Dickinson and Company",Healthcare,Medical Instruments & Supplies,48443998208,177.85,30.769896,13.379736,1.9841137,10.545,0.06607,0.0419,0.15732999,0.054,-0.314,68.84,4478374912,2.36,0.276,195.66667,225.0,170.0,197.5,12,buy,2.07143,193.07,127.58648,171.9584,160.35542,1786019400,1793881800
BEN,"Franklin Templeton, Inc.",Financial Services,Asset Management,17096787968,33.65,22.891157,10.590087,1.4548836,11.484,0.07887,0.08717,0.12979001,0.143,1.067,24.805,-2990862592,3.92,1.57,35.41667,41.0,26.0,36.0,12,hold,2.75,36.28,21.11,33.7644,28.78485,1785501000,1793968200
BF-B,Brown Forman Inc,Consumer Defensive,Beverages - Wineries & Distilleries,12031420416,26.22,16.916128,15.298888,3.0301628,11.949,0.18122,0.18416001,0.27552,-0.014,0.057,61.502,685625024,3.47,0.331,28.25882,35.0,20.0,28.0,17,hold,3.16667,31.92,22.61,27.1734,27.21545,1788352200,1796301000
BG,Bunge Limited,Consumer Defensive,Farm Products,23517302784,122.41,26.381468,10.7933235,1.4740734,13.195,0.071779996,0.01097,0.04617,0.883,0.33,97.995,-6475375104,2.31,0.66,141.77779,155.0,116.0,140.0,9,buy,1.55556,134.87,76.01,114.895,114.782,1785328200,1793795400
BIIB,Biogen Inc.,Healthcare,Drug Manufacturers - General,32084781056,217.15,38.63879,13.125723,1.7016691,11.656,0.04575,0.083229996,0.25058,0.034,-0.848,44.329,1266987520,,0.171,237.18774,300.0,175.0,240.0,31,buy,1.82857,225.8,135.39,209.474,191.92445,1785328200,1793277000
BKNG,Booking Holdings Inc. Common St,Consumer Cyclical,Travel Services,134766862336,173.92,19.302996,14.054505,-12.225503,12.906,,0.25527,0.34412,0.081,1.3,,7725875200,0.96,1.068,238.67567,301.0,188.0,240.0,37,buy,1.51282,224.9956,150.14,193.7948,185.5833,1785873600,1793131200
BKR,Baker Hughes Company,Energy,Oil & Gas Equipment & Services,58627330048,59.06,18.990355,18.989805,2.9438741,11.993,0.16463,0.111669995,0.1283,-0.024,-0.042,80.925,4415000064,1.56,0.961,72.21739,85.0,51.0,74.0,23,buy,1.70833,70.41,43.92,60.437,58.7611,1785096000,1792699200
BLDR,"Builders FirstSource, Inc.",Industrials,Building Products & Equipment,6495598080,60.37,65.61956,13.653922,1.6217597,11.411,0.02506,0.0070999996,0.033269998,-0.088,,130.786,464577120,,1.412,80.61905,100.0,61.0,81.0,21,buy,2.26087,142.5,58.13,70.9332,89.38235,1785414600,1793277000
BLK,"BlackRock, Inc.",Financial Services,Asset Management,175417425920,1079.65,25.841312,16.788149,2.904596,15.766,0.122779995,0.24089001,0.35079,0.306,0.196,23.192,7578124800,2.16,1.429,1323.3125,1488.0,1190.0,1310.0,16,buy,1.52941,1219.94,917.39,1101.1259,1060.6045,1784118600,1791981000
BMY,Bristol-Myers Squibb Company,Healthcare,Drug Manufacturers - General,129998356480,63.64,14.017621,9.704621,5.8251715,8.663,0.46598998,0.18871,0.34418,0.057,1.531,201.859,8114375168,3.96,0.227,66.41667,80.0,40.0,68.0,24,buy,2.46429,68.64,42.52,63.427,58.4948,1793277000,1793277000
BNY,The Bank of New York Mellon Cor,Financial Services,Banks - Diversified,110365483008,162.66,18.980164,15.871002,2.765339,,0.14124,0.29413998,0.40046,0.131,0.269,,,1.36,1.048,167.7857,184.0,135.0,173.5,14,buy,2.125,165.84,103.11,158.8318,134.0233,1792067400,1792067400
BR,"Broadridge Financial Solutions,",Technology,Information Technology Services,19400523776,167.74,17.491137,14.490551,6.7319503,12.296,0.40916002,0.15037,0.24609,0.075,0.084,123.939,1194499968,2.59,0.91,213.375,250.0,176.0,220.0,8,none,,253.36,133.83,163.4666,175.95665,1785846600,1793709000
BRK-B,Berkshire Hathaway Inc. New,Financial Services,Insurance - Diversified,1092553998336,510.37,12.836268,22.997368,0.0009772973,-1.79,0.121199995,0.22296,0.32561,0.1,1.078,17.142,71975247872,,0.603,547.6667,604.0,510.0,529.0,3,none,,537.74,464.01,503.8486,492.50754,1786219200,1794081600
BRO,"Brown & Brown, Inc.",Financial Services,Insurance Brokers,22147860480,66.19,21.146965,13.71768,1.7359035,10.139,0.10023,0.18084998,0.41838002,0.324,0.071,63.975,1642749952,1.0,0.582,76.6875,90.0,60.0,77.0,16,hold,2.78947,96.55,53.81,70.1844,69.1878,1785182400,1793044800
BSX,Boston Scientific Corporation,Healthcare,Medical Devices,62287884288,42.98,17.40081,12.532475,2.4941967,13.065,0.15338999,0.17499,0.22895999,0.075,0.151,50.151,2451375104,,0.568,62.41379,94.0,44.0,60.0,29,buy,1.58065,105.65,42.2,46.9372,65.69375,1793190600,1793190600
BX,Blackstone Inc.,Financial Services,Asset Management,153607716864,128.51,28.749441,17.169233,11.403851,,0.31374002,0.22728,0.54357,0.286,0.573,68.185,,4.07,1.558,144.38095,184.0,119.0,140.0,21,buy,2.08696,190.09,101.73,133.5806,130.6257,1784809800,1792672200
BXP,"BXP, Inc.",Real Estate,REIT - Office,11702768640,64.7,34.784943,29.107168,2.002104,17.789,0.05308,0.09304,0.28755,0.037,-0.232,211.631,880636864,4.39,1.033,76.7,91.0,60.0,77.0,20,buy,2.13636,79.33,49.72,68.4294,63.47975,1785268800,1793131200
C,"Citigroup, Inc.",Financial Services,Banks - Diversified,232861794304,138.82,14.975189,10.775198,1.2098869,,0.08529,0.21832001,0.36229,0.155,0.61,,,1.93,1.097,155.2,176.0,129.0,157.5,20,buy,1.71429,147.96,93.66,135.0374,123.96725,1791894600,1791894600
CAG,"ConAgra Brands, Inc.",Consumer Defensive,Packaged Foods,6987058176,14.6,,9.40849,1.0989839,8.179,-0.25064,-0.16985,0.13771,0.036,,117.577,859000000,8.39,-0.033,14.38125,23.0,12.0,14.0,16,hold,3.29412,20.32,12.53,15.0894,15.8242,1790771400,1790771400
CAH,"Cardinal Health, Inc.",Healthcare,Medical Distribution,54555291648,234.57,32.488922,16.66366,-18.958216,14.104,,0.00674,0.013300001,0.058,0.688,,4752500224,0.88,0.519,270.9375,292.0,235.0,275.5,16,strong_buy,1.5,258.3,145.87,234.2584,216.3532,1786451400,1793881800
CARR,Carrier Global Corporation,Industrials,Building Products & Equipment,47725150208,57.46,41.04286,17.367859,3.6058989,18.992,0.08966,0.055180002,0.13069001,0.039,-0.118,91.998,861750016,1.69,1.298,77.81524,90.0,60.0,78.0,21,none,,76.76,50.24,63.5074,61.51165,1785241800,1793104200
CASY,"Caseys General Stores, Inc.",Consumer Cyclical,Specialty Retail,22747873280,615.47,29.618382,26.300056,5.559399,16.054,0.19983,0.041389998,0.065,0.243,0.277,70.547,503306880,0.42,0.592,811.3333,950.0,687.0,795.0,18,buy,1.6,927.85,497.38,816.0764,729.05676,1788897600,1796760000
CAT,"Caterpillar, Inc.",Industrials,Farm & Heavy Construction Machinery,376276058112,818.57,35.207314,25.28219,19.400612,25.566,0.56972003,0.14511,0.22183001,0.24,0.682,232.783,5048999936,0.8,1.594,975.60614,1225.0,575.0,980.5,26,buy,2.14286,1073.46,430.61,856.1844,778.54095,1793277000,1793277000
CB,Chubb Limited,Financial Services,Insurance - Property & Casualty,130496806912,338.25,11.990429,11.619942,1.7306217,10.281,0.14822,0.18070999,0.23527001,0.061,-0.007,30.941,10488000512,1.2,0.382,366.13043,425.0,306.0,369.0,23,none,,365.91,265.3,347.4116,327.1782,1784664000,1793131200
CBOE,"Cboe Global Markets, Inc.",Financial Services,Financial Data & Stock Exchanges,29349294080,281.04,21.887852,18.446308,5.2231126,14.8,0.26297,0.26734,0.34634,0.229,0.502,28.09,678249984,1.2,0.408,315.64285,356.0,258.0,315.0,14,hold,3.05882,371.18,227.15,288.0328,285.9423,1785501000,1793363400
CBRE,CBRE Group Inc,Real Estate,Real Estate Services,40688222208,140.51,32.153316,15.448536,4.8495197,22.936,0.15798001,0.029760001,0.03608,0.155,-0.042,117.789,1637624960,,1.188,182.91667,200.0,144.0,186.5,12,none,,174.27,121.69,145.061,146.9257,1785328200,1792672200
CCI,Crown Castle Inc.,Real Estate,REIT - Specialty,32172941312,75.62,30.865307,26.189835,-9.851485,20.273,,0.20716,0.46825,-0.049,-0.675,,1036249984,5.75,0.969,95.07,120.0,81.0,92.5,20,none,,100.5,69.72,76.1512,84.46705,1784750400,1792612800
CCL,Carnival Corporation Ltd.,Consumer Cyclical,Travel Services,31159517184,22.75,10.247747,8.659805,2.406898,7.546,0.26689,0.11237001,0.12787,0.053,-0.065,201.556,1899374976,1.98,2.312,35.29615,43.0,28.7,35.0,26,buy,1.63333,34.03,22.28,26.3456,27.7242,1782217800,1790598600
CDNS,"Cadence Design Systems, Inc.",Technology,Software - Application,79812878336,289.37,57.41468,30.315063,11.620352,37.483,0.23229,0.23605,0.28575,0.242,1.254,38.661,1609676544,,1.137,402.11606,470.0,300.0,402.5,28,strong_buy,1.38462,416.69,262.75,334.4424,326.7815,1785182400,1793044800
CDW,CDW Corporation,Technology,Information Technology Services,19226429440,153.79,18.484375,12.765271,7.8907127,12.579,0.44009998,0.04597,0.07345,0.1,0.049,263.278,676787520,1.64,0.941,158.88889,171.0,148.0,159.0,9,buy,1.8,169.2,97.12,140.576,131.9013,1785933000,1793709000
CEG,Constellation Energy Corporatio,Utilities,Utilities - Independent Power Producers,100889026560,284.75,27.862034,21.342937,3.163924,15.749,0.15055001,0.110810004,0.086619996,0.23,-0.468,76.419,-6625124864,0.6,1.117,348.304,441.0,290.0,350.5,20,none,,412.7,228.63,269.5282,295.27618,1786019400,1794227400
CF,"CF Industries Holdings, Inc.",Basic Materials,Agricultural Inputs,20138565632,133.07,9.871662,12.451683,3.509508,6.311,0.29867,0.27122,0.49325,0.176,0.996,40.504,1276749952,1.8,0.399,125.24842,195.72,98.0,123.0,19,hold,3.04762,141.96,75.42,123.4472,109.1985,1793822400,1793822400
CFG,"Citizens Financial Group, Inc.",Financial Services,Banks - Regional,29684541440,70.48,15.35512,10.790734,1.2375551,,0.08270001,0.26051,0.35132998,0.147,0.413,,,2.61,0.997,81.47059,90.0,70.0,82.0,17,buy,1.61111,75.33,47.955,71.4098,64.3788,1792153800,1792153800
CHD,"Church & Dwight Company, Inc.",Consumer Defensive,Household & Personal Products,22332747776,94.15,30.176283,23.306187,5.134988,18.088,0.17041,0.119569995,0.18065001,0.016,0.09,55.851,939262528,1.31,0.472,105.36842,115.0,78.0,107.0,19,none,,106.04,81.33,99.0434,95.1545,1785501000,1793363400
CHRW,"C.H. Robinson Worldwide, Inc.",Industrials,Integrated Freight & Logistics,17852534784,152.78,29.15649,20.372786,10.992949,21.091,0.37123,0.03726,0.05337,0.193,0.238,121.188,480618368,1.65,0.943,199.4,237.0,91.0,210.0,25,buy,1.76,210.33,123.64,165.4326,172.73676,1785355200,1793217600
CHTR,"Charter Communications, Inc.",Communication Services,Telecom Services,19646515200,145.77,3.794118,3.3052392,1.0256681,5.434,0.27201998,0.09052,0.23503,-0.017,0.161,441.578,2198374912,,0.687,184.41176,380.0,101.0,150.0,17,hold,2.95238,285.82,111.55,143.3528,181.03294,1784896200,1793363400
CI,The Cigna Group,Healthcare,Healthcare Plans,74188161024,280.76,11.616054,8.384122,1.7371291,7.768,0.16758,0.022720002,0.03985,0.067,0.102,74.29,7980125184,2.22,0.317,339.36,400.0,290.0,340.0,25,buy,1.72,315.47,239.51,283.4818,279.6934,1785414600,1793881800
CIEN,Ciena Corporation,Technology,Communication Equipment,49567752192,349.54,78.19688,30.085012,16.225977,48.973,0.22396,0.10869,0.18076,0.37,4.229,107.496,633368384,,1.309,504.12775,660.0,325.0,520.0,19,buy,1.85,637.51,131.45,393.7788,380.32916,1788438600,1788438600
CINF,Cincinnati Financial Corporatio,Financial Services,Insurance - Property & Casualty,26060572672,169.8,8.016997,18.801447,1.5624281,5.738,0.21484,0.23843001,0.37202,0.316,0.855,5.255,2984875008,2.21,0.545,191.66667,200.0,177.0,192.5,6,none,,194.81,150.0,176.02,167.4228,1785182400,1793044800
CL,Colgate-Palmolive Company,Consumer Defensive,Household & Personal Products,69194604544,86.8,34.17323,21.129402,293.24326,15.238,2.67367,0.096829996,0.20966,0.049,-0.055,1388.163,3458374912,2.41,0.323,98.95,110.0,87.0,100.5,20,buy,2.04762,99.33,74.55,91.4746,87.8884,1793363400,1793363400
CLX,Clorox Company (The),Consumer Defensive,Household & Personal Products,10612905984,87.76,18.245323,14.017848,117.95699,14.237,1.6376,0.087349996,0.12885,-0.02,-0.501,2221.429,110375000,5.7,0.544,100.76471,154.0,77.0,98.0,17,hold,3.21053,128.9,84.7,99.281,102.9454,1785787200,1793736000
CMCSA,Comcast Corporation,Communication Services,Telecom Services,89425649664,25.2,8.076923,6.951283,0.9956145,5.058,0.114879996,0.08966,0.17233999,-0.012,-0.668,100.474,12697624576,5.24,0.662,30.12682,44.0,21.0,29.395,22,hold,2.60714,32.86,21.28,24.9564,26.91402,1784809800,1793277000
CME,CME Group Inc.,Financial Services,Financial Data & Stock Exchanges,99078471680,275.54,23.370653,21.316051,3.732795,21.1,0.15802,0.63443,0.65036005,0.008,0.025,14.587,2909012480,1.89,0.275,283.6,330.0,230.0,285.0,15,hold,2.625,329.16,218.31,262.6654,278.80124,1792585800,1792585800
CMG,"Chipotle Mexican Grill, Inc.",Consumer Cyclical,Restaurants,45808132096,36.2,33.518517,26.417765,20.864553,22.219,0.49560001,0.114250004,0.16108,0.093,-0.013,246.35,1116464384,,0.937,43.85938,53.0,35.0,43.5,32,buy,1.74286,42.82,28.04,35.0712,34.95845,1793217600,1793217600
CMI,Cummins Inc.,Industrials,Specialty Industrial Machinery,76825419776,556.75,28.492834,16.135798,5.965967,16.348,0.21114,0.07822,0.11896,0.094,0.047,59.586,2229374976,1.6,1.226,757.0175,894.0,530.0,771.0,20,none,,737.76,400.72,621.7584,601.7923,1785846600,1793881800
CMS,CMS Energy Corporation,Utilities,Utilities - Regulated Electric,20743952384,67.15,20.225904,16.156702,2.2050374,13.574,0.09158,0.11642,0.17167999,-0.005,-0.439,185.604,-2198874880,3.4,0.331,79.16667,87.0,68.0,79.0,12,buy,2.26667,80.36,66.995,71.6126,73.41625,1785241800,1793277000
CNC,Centene Corporation,Healthcare,Healthcare Plans,32811147264,66.42,,12.502541,1.4542508,4.766,-0.20358999,-0.02829,0.0376,0.046,,71.082,9639624704,,1.106,71.77778,85.0,56.0,70.5,18,buy,2.38095,69.36,31.63,65.486,50.9168,1793104200,1793104200
CNP,"CenterPoint Energy, Inc (Holdin",Utilities,Utilities - Regulated Electric,25762549760,39.11,23.279762,18.742514,2.1980555,12.961,0.09825,0.11611,0.24489,0.107,0.233,210.256,-5191875072,2.45,0.451,45.75,50.0,39.0,46.0,16,none,,45.26,37.22,41.5016,41.4579,1785241800,1792672200
COF,Capital One Financial Corporati,Financial Services,Credit Services,127792062464,208.3,11.482911,8.664431,1.2409225,,0.09031,0.21867001,0.33629,11.11,,,,1.54,1.016,258.27274,300.0,214.0,254.5,22,buy,1.54167,259.64,174.24,212.386,207.718,1784664000,1792526400
COHR,Coherent Corp.,Technology,Scientific & Technical Instruments,59801288704,305.37,74.118935,21.881992,5.4824057,43.345,0.07981,0.11309,0.118269995,0.337,,31.612,-649981632,,2.104,415.36197,500.0,280.0,420.0,22,buy,1.6087,440.0,100.63,300.4986,279.67386,1786564800,1793822400
COIN,"Coinbase Global, Inc.",Financial Services,Financial Data & Stock Exchanges,46240059392,175.26,,64.012566,3.5345366,63.069,-0.07847,-0.16344,-0.13922,-0.173,,50.982,2668452864,,3.388,199.76207,330.0,95.0,200.0,29,buy,2.0,402.16,139.11,165.0486,191.27824,1785441600,1793304000
COO,"The Cooper Companies, Inc.",Healthcare,Medical Instruments & Supplies,10251272192,53.91,18.525772,11.485486,1.2305409,13.839,0.06838,0.1346,0.20822,0.006,3.571,33.634,542649984,,0.818,66.21429,75.0,58.0,65.5,14,buy,2.5,89.83,51.01,71.7088,73.1246,1788984000,1788984000
COP,ConocoPhillips,Energy,Oil & Gas E&P,165003706368,137.35,18.192053,14.165636,2.5249555,6.744,0.1418,0.144,0.3151,0.355,1.07,35.639,7691375104,2.45,0.134,145.44,189.0,126.0,146.0,25,buy,1.74074,138.89,85.57,122.7422,113.70455,1786019400,1793881800
COR,"Cencora, Inc.",Healthcare,Medical Distribution,61364293632,321.57,23.87305,16.235432,20.11321,13.198,0.96871,0.00789,0.014149999,0.051,0.119,446.516,2043314048,0.75,0.574,369.30768,430.0,330.0,370.0,13,buy,1.73333,377.54,244.82,315.1316,321.12656,1785933000,1793795400
COST,Costco Wholesale Corporation,Consumer Defensive,Discount Stores,401246322688,904.77,45.46583,39.9842,24.270884,28.98,0.29152,0.0301,0.036730003,0.215,0.455,60.257,6954375168,0.65,0.855,1072.2,1315.0,740.0,1100.0,35,buy,1.94872,1096.5,844.06,940.785,960.4722,1790280000,1790280000
CPAY,"Corpay, Inc.",Technology,Software - Infrastructure,26803562496,408.22,24.815804,12.980785,7.5670567,12.408,0.29215,0.22723,0.4692,0.215,-0.07,275.291,1946175872,,0.873,461.0,536.0,390.0,455.0,15,buy,1.6875,427.46,252.84,390.1816,339.51755,1785960000,1793822400
CPB,The Campbell's Company,Consumer Defensive,Packaged Foods,6262330880,21.0,16.030535,11.449133,1.6255128,8.199,0.1005,0.04085,0.10342,-0.079,,171.728,747374976,4.76,0.019,20.85294,41.5,16.0,19.0,17,hold,3.3,34.17,19.56,22.5976,23.9094,1788438600,1788438600
CPRT,"Copart, Inc.",Industrials,Specialty Business Services,28851087360,29.95,19.322582,16.600983,3.052074,12.431,0.17607,0.33481997,0.37530997,0.021,0.023,1.059,999977152,,1.029,40.0,55.0,25.0,39.5,10,buy,2.08333,48.77,26.81,30.2766,34.25275,1789070400,1795118400
CPT,Camden Property Trust,Real Estate,REIT - Residential,10356558848,103.01,33.9967,94.504585,2.7782724,17.302,0.07885,0.20622,0.16104001,-0.008,-0.757,125.648,139679632,4.14,0.782,116.96591,132.0,105.0,116.0,22,hold,2.58333,119.81,96.53,110.2586,107.33175,1785441600,1793908800
CRH,CRH PLC,Basic Materials,Building Materials,58910941184,88.55,15.644877,13.59382,2.4533162,9.984,0.15812,0.099350005,0.19022,0.056,0.139,77.592,2019124992,1.76,1.198,136.80624,165.0,105.0,139.425,24,strong_buy,1.30435,131.55,86.84,98.2132,111.0696,1785414600,1793277000
CRL,Charles River Laboratories Inte,Healthcare,Diagnostics & Research,13283818496,278.26,,21.934452,4.6769533,19.049,-0.07516,-0.05963,0.15113,-0.027,,105.047,468856000,,1.405,282.42856,320.0,145.0,300.0,14,buy,1.75,303.31,144.26,258.889,202.43304,1785933000,1793795400
CRM,"Salesforce, Inc.",Technology,Software - Application,203873566720,247.72,22.684982,15.474599,5.312232,18.207,0.19381,0.2199,0.21375,0.108,1.189,110.417,17731874816,0.71,1.202,273.37314,475.0,160.0,273.0,54,buy,1.75,269.11,146.32,198.6066,201.09724,1787774400,1796241600
CRWD,"CrowdStrike Holdings, Inc.",Technology,Software - Infrastructure,211688292352,206.74,5168.5005,128.73698,41.489067,1942.078,0.01461,0.00834,-0.02259,0.258,,15.958,1995385472,,1.255,234.09,300.0,119.0,240.0,50,buy,1.69811,233.88,85.68,202.5826,144.1239,1787774400,1796155200
CSCO,"Cisco Systems, Inc.",Technology,Communication Equipment,442082263040,112.13,33.672672,20.015137,8.79934,24.533,0.27319,0.20951,0.27719,0.176,0.521,62.017,11182624768,1.5,0.992,137.625,170.0,115.0,135.0,24,buy,1.82143,130.37,66.35,113.7278,95.409,1794513600,1794513600
CSGP,"CoStar Group, Inc.",Real Estate,Real Estate Services,12342318080,30.46,169.22221,17.17285,1.5544782,31.077,0.00894,0.02081,0.082159996,0.184,12.61,14.537,412700000,,0.747,37.3,53.0,25.0,36.0,20,buy,2.09524,90.72,25.89,30.3462,42.998,1785268800,1793131200
CSX,CSX Corporation,Industrials,Railroads,90678648832,48.95,28.459303,21.549543,6.439095,15.918,0.24357,0.22208999,0.38424,0.101,0.227,138.068,1953250048,1.14,1.207,53.14088,60.0,32.0,54.0,23,buy,1.92,53.6,32.18,50.2166,43.45685,1784750400,1792699200
CTAS,Cintas Corporation,Industrials,Specialty Business Services,80634167296,201.5,40.955284,32.947773,15.687037,27.73,0.40714002,0.17754,0.23688,0.089,0.156,52.646,1464424832,1.03,0.913,216.3125,250.0,175.0,219.5,16,buy,2.2,219.17,161.16,199.5806,187.16444,1790166600,1790166600
CTSH,Cognizant Technology Solutions ,Technology,Information Technology Services,28380000256,60.0,12.875537,9.493431,1.8752344,6.955,0.14924,0.10258,0.17479,0.045,0.038,14.479,2215500032,2.2,0.83,64.184,84.0,42.0,65.6,25,buy,2.2069,87.03,37.08,54.0148,62.4982,1785328200,1793190600
CTVA,"Corteva, Inc.",Basic Materials,Agricultural Inputs,55977746432,83.9,50.848488,20.386246,2.224343,13.738,0.04256,0.056649998,0.3013,-0.012,-0.099,19.191,2417250048,0.86,0.577,92.1,103.0,78.0,95.0,20,buy,1.86364,90.97,60.535,83.4488,77.77495,1785441600,1793736000
CVNA,Carvana Co.,Consumer Cyclical,Auto & Truck Dealerships,76661358592,69.16,36.592594,30.573633,12.345591,21.301,0.58773,0.06257,0.09219,0.524,0.615,110.88,424375008,,3.497,82.975,120.0,60.0,83.0,20,buy,2.0,97.378,54.464,69.3276,73.19475,1785355200,1793217600
CVS,CVS Health Corporation,Healthcare,Healthcare Plans,121067339776,94.66,24.976255,11.104347,1.5178386,11.008,0.06205,0.011849999,0.03861,0.071,1.888,95.503,8076000256,2.79,0.58,116.28,148.0,103.0,116.0,25,strong_buy,1.44444,110.68,69.51,100.0984,86.9173,1785933000,1793190600
CVX,Chevron Corporation,Energy,Oil & Gas Integrated,419900817408,214.06,20.62235,15.889441,2.2113636,8.964,0.12231,0.09834,0.21866,0.535,3.219,18.959,21934000128,3.33,0.491,221.20833,243.0,175.0,224.5,24,buy,1.72,217.4,146.49,194.7422,182.34395,1785501000,1793363400
D,"Dominion Energy, Inc.",Utilities,Utilities - Regulated Electric,56606289920,64.36,22.269896,16.868437,2.0277252,13.898,0.08281,0.13984999,0.29219,0.176,-0.58,160.459,-9181124608,4.15,0.622,71.81818,80.0,66.0,70.0,11,none,,72.99,55.85,68.466,64.19995,1785501000,1793363400
DAL,"Delta Air Lines, Inc.",Industrials,Airlines,52550660096,79.91,13.252073,9.3354225,2.3958864,9.15,0.20125,0.05784,0.07921,0.187,-0.254,96.649,2817374976,1.1,1.291,103.8125,125.0,50.0,105.0,24,strong_buy,1.32,95.68,55.03,85.4416,74.6312,1783686600,1791462600
DASH,"DoorDash, Inc.",Consumer Cyclical,Internet Retail,87504519168,201.95,105.18229,24.797428,8.819162,59.522,0.088870004,0.05292,0.03862,0.356,-0.3,33.276,5147500032,,1.788,255.06976,350.0,172.0,260.0,43,buy,1.64444,285.5,143.3,204.8179,188.53204,1785960000,1793822400
DD,"DuPont de Nemours, Inc.",Basic Materials,Specialty Chemicals,17146114048,126.99,54.73707,15.943983,1.2454518,11.813,0.01792,0.00787,0.14239,0.04,1.496,22.902,1835250048,1.89,1.085,170.0,186.0,156.0,171.0,16,buy,1.52941,157.98,92.48536,137.6364,136.9476,1785846600,1793881800
DDOG,"Datadog, Inc.",Technology,Software - Application,79430983680,221.21,433.74512,74.438126,18.18264,913.463,0.04696,0.044770002,0.00666,0.356,14.985,29.259,1051412352,,1.488,285.5063,330.0,158.0,295.0,46,strong_buy,1.47826,292.72,98.01,246.5396,177.41127,1786019400,1793881800
DE,Deere & Company,Industrials,Farm & Heavy Construction Machinery,182196666368,675.74,37.603786,29.758331,6.5093293,25.796,0.18242,0.10168,0.17479,-0.111,-0.085,376.022,4516250112,0.96,0.911,688.4426,813.18,500.0,728.0,23,buy,1.96,705.88,433.0,623.009,572.181,1795609800,1795609800
DECK,Deckers Outdoor Corporation,Consumer Cyclical,Footwear & Accessories,11067498496,81.27,11.560454,9.7614355,4.8277297,7.503,0.42558,0.18361,0.15233,0.057,0.011,20.521,871420352,,1.15,120.40909,184.0,70.0,118.5,22,buy,2.44444,122.29,78.91,95.5582,102.5044,1784836800,1792699200
DELL,Dell Technologies Inc.,Technology,Computer Hardware,360690188288,567.29,33.00116,19.785532,-256.4602,21.686,,0.07525,0.12020001,0.577,2.729,,6033375232,0.44,1.409,570.48,735.0,465.0,570.0,25,buy,1.82759,567.75,110.22,448.897,261.7565,1788292800,1795809600
DG,Dollar General Corporation,Consumer Defensive,Discount Stores,27484438528,124.58,16.179222,15.061901,2.958934,11.633,0.19692,0.03903,0.06813,0.052,0.333,169.811,1738019712,1.89,0.235,139.55173,176.0,90.0,138.0,29,buy,2.5,158.23,95.11,123.468,126.57365,1787833800,1787833800
DGX,Quest Diagnostics Incorporated,Healthcare,Diagnostics & Research,25939947520,235.02,24.949045,19.491264,3.4396358,14.166,0.14602,0.09187,0.15248,0.102,0.15,81.074,909625024,1.46,0.549,246.73334,265.0,204.0,250.0,15,buy,2.11765,247.19,171.18,229.2702,202.01875,1784809800,1792499400
DHI,"D.R. Horton, Inc.",Consumer Cyclical,Residential Construction,38568009728,137.89,13.1449,11.747857,1.6251414,10.724,0.12632,0.09154,0.1299,0.0,-0.048,29.451,2413900032,1.31,1.371,162.91667,206.0,125.0,157.5,12,hold,2.61111,177.58,131.75,147.3254,149.78896,1793277000,1793277000
DHR,Danaher Corporation,Healthcare,Diagnostics & Research,140695633920,200.14,35.739285,21.525337,2.675454,20.455,0.07605,0.15948,0.19777,0.055,0.597,52.97,4325125120,0.8,0.808,229.08696,310.0,195.0,230.0,23,strong_buy,1.5,242.8,160.93,202.379,202.3932,1784637000,1792499400
DIS,Walt Disney Company (The),Communication Services,Entertainment,183978491904,106.55,21.969072,14.268364,1.6752619,11.05,0.0801,0.086990006,0.19301,0.068,-0.483,39.404,4860375040,1.41,1.409,128.34451,160.0,88.0,130.0,31,strong_buy,1.4375,117.09,92.19,101.8544,103.98145,1785933000,1794486600
DLR,"Digital Realty Trust, Inc.",Real Estate,REIT - Specialty,71219822592,188.58,91.54369,65.22326,2.6130695,28.281,0.02912,0.11825,0.25882,0.299,-0.587,67.944,3768482048,2.59,1.037,223.48387,250.0,190.0,224.0,31,strong_buy,1.45455,208.14,146.23,187.0134,179.4662,1784836800,1792699200
DLTR,"Dollar Tree, Inc.",Consumer Defensive,Discount Stores,22172272640,118.17,14.463892,14.943435,6.474714,11.497,0.46032003,0.08035,0.062090002,0.07,1.972,223.945,1049587520,,0.662,136.4,170.0,98.0,140.0,25,hold,2.53571,142.4,84.71,127.1222,117.50015,1787833800,1787833800
DOC,"Healthpeak Properties, Inc.",Real Estate,REIT - Healthcare Facilities,14391628800,20.3,58.0,145.0,1.7841448,15.49,0.03039,0.08248,0.1599,0.111,0.682,108.653,1645113088,6.01,0.989,23.05263,29.0,17.0,23.0,19,buy,2.40909,22.95,15.7,21.445,18.66805,1785873600,1792699200
DOV,Dover Corporation,Industrials,Specialty Industrial Machinery,25461297152,189.05,22.88741,16.23615,3.3049545,14.125,0.14914,0.13475999,0.18691999,0.069,0.141,42.316,906472128,1.11,1.146,246.88889,288.0,168.0,250.0,18,none,,237.54,158.97,204.7386,210.2114,1784809800,1792672200
DOW,Dow Inc.,Basic Materials,Chemicals,20969551872,29.03,,16.086222,1.3221899,9.507,-0.0554,-0.03129,0.11594,0.197,,111.913,237624992,4.82,0.424,34.6875,42.0,29.0,34.5,16,buy,2.47368,42.74,20.65,30.1294,31.6331,1792672200,1792672200
DPZ,Domino's Pizza Inc,Consumer Cyclical,Restaurants,10308269056,311.6,17.6644,14.937593,-2.587438,14.916,,0.118640006,0.19084999,0.043,0.068,,531496512,2.55,0.946,381.0,450.0,270.0,375.0,28,buy,2.13333,455.72,282.0,335.558,363.03165,1791894600,1791894600
DRI,"Darden Restaurants, Inc.",Consumer Cyclical,Restaurants,23831279616,209.89,20.12368,16.942162,10.846468,15.022,0.53718,0.09134,0.14142,0.137,0.36,364.507,790974976,3.09,0.59,231.32,276.0,156.0,235.0,25,buy,1.92857,229.76,169.0,209.8704,202.0483,1790253000,1790253000
DTE,DTE Energy Company,Utilities,Utilities - Regulated Electric,27588315136,132.58,20.977848,15.8489,2.2708278,15.314,0.1103,0.07999,0.13623999,-0.015,0.224,229.06,-2596624896,3.47,0.388,156.85715,168.0,143.0,156.5,14,buy,1.94118,155.75,126.23,142.0906,141.4755,1785241800,1793277000
DUK,Duke Energy Corporation (Holdin,Utilities,Utilities - Regulated Electric,93112033280,119.42,17.98494,16.650122,1.7320802,11.297,0.098570004,0.15995,0.27503002,0.011,0.106,162.155,-4477374976,3.63,0.364,137.27779,147.0,129.0,136.5,18,none,,134.49,113.9,124.1692,124.2166,1785846600,1793881800
DVA,DaVita Inc.,Healthcare,Medical Care Facilities,11652787200,181.55,15.385593,10.524406,-15.175959,9.251,0.88475,0.060489997,0.16061,0.052,0.558,1241.986,1042460032,,0.83,218.42857,270.0,165.0,220.0,7,none,,247.49,101.0,205.0582,165.37325,1785873600,1793217600
DVN,Devon Energy Corporation,Energy,Oil & Gas E&P,55253000192,50.23,10.919565,9.30597,1.383556,7.418,0.11522,0.17464,0.41077,0.642,0.44,28.488,782625024,2.56,0.426,59.96429,68.0,44.0,60.5,28,strong_buy,1.31034,52.71,31.47,45.451,43.78875,1785873600,1793822400
DXCM,"DexCom, Inc.",Healthcare,Medical Devices,31332263936,83.03,32.81818,26.577595,11.953642,21.938,0.38491002,0.20118,0.24327,0.131,0.436,53.346,1021162496,,1.419,94.12,115.0,79.0,94.0,25,strong_buy,1.32143,92.59,54.11,82.4148,71.3855,1785441600,1793304000
EA,Electronic Arts Inc.,Communication Services,Electronic Gaming & Multimedia,52925640704,209.7,59.743587,21.720531,7.7727118,30.355,0.16458,0.13803001,0.25881,0.189,0.975,26.43,1692499968,0.0036000002,0.642,205.46153,210.0,168.0,210.0,13,hold,2.88235,210.2,164.5,206.0444,203.16415,,
EBAY,eBay Inc.,Consumer Cyclical,Internet Retail,47948750848,107.75,22.636553,16.003529,10.278546,16.725,0.46611,0.18571,0.2157,0.148,0.55,153.012,1579624960,1.15,1.339,116.14815,145.0,67.0,118.0,27,hold,2.5625,119.31,78.03,108.913,99.1453,1785960000,1793822400
ECL,Ecolab Inc.,Basic Materials,Specialty Chemicals,77421150208,276.18,37.021446,29.325445,7.6994705,20.851,0.21956,0.12566,0.18521999,0.097,0.033,138.023,1474824960,1.06,0.89,324.9524,360.0,295.0,330.0,21,buy,1.54167,309.27,243.15,278.3826,273.1229,1785241800,1793104200
ED,"Consolidated Edison, Inc.",Utilities,Utilities - Regulated Electric,39371956224,106.46,17.509869,16.403976,1.5315561,10.747,0.08962,0.12533,0.16540001,0.132,0.221,110.113,-844875008,3.3,0.259,110.28125,130.0,94.0,111.0,16,hold,3.33333,116.23,94.96,109.3968,107.40415,1786046400,1793908800
EFX,"Equifax, Inc.",Industrials,Consulting Services,19854948352,169.0,29.649124,16.61358,4.537278,13.143,0.14275,0.10729,0.17305,0.106,0.007,120.956,947537472,1.33,1.305,214.95238,245.0,179.0,210.0,21,buy,1.66667,271.84,150.75,178.9536,187.01825,1784637000,1792499400
EG,"Everest Group, Ltd.",Financial Services,Insurance - Reinsurance,14252378112,371.71,7.855241,6.2208834,0.93228626,,0.12572,0.11376,0.19132,-0.113,-0.115,23.26,2064625024,2.16,0.277,408.46667,480.0,375.0,400.0,15,none,,401.07,302.44,374.3558,343.986,1785355200,1793217600
EIX,Edison International,Utilities,Utilities - Regulated Electric,21549582336,56.0,5.779154,8.607757,1.2351397,7.446,0.19734,0.19281,0.26899,-0.041,0.551,228.042,82375000,6.19,0.614,68.21429,86.0,50.0,66.5,14,hold,3.05882,81.62,52.0,71.16,68.47195,1785441600,1793131200
EL,"Estee Lauder Companies, Inc. (T",Consumer Defensive,Household & Personal Products,35137523712,97.12,194.24,24.816534,9.231939,16.654,0.04745,0.01209,0.07003,0.063,,242.932,1812125056,1.45,1.274,107.03704,127.0,70.0,106.0,27,buy,2.31034,121.64,66.22,89.9518,92.485,1793622600,1793622600
ELV,"Elevance Health, Inc.",Healthcare,Healthcare Plans,90807508992,418.72,18.51924,14.143337,2.0229387,10.149,0.11133,0.02468,0.04559,0.014,-0.131,68.953,4306375168,1.64,0.696,450.0476,492.0,393.0,457.0,21,buy,1.77273,436.24,274.84,397.2488,361.0561,1784118600,1792585800
EME,"EMCOR Group, Inc.",Industrials,Engineering & Construction,34434834432,780.66,24.327204,21.243032,8.46712,17.111,0.40348998,0.07738,0.10618,0.198,0.348,13.432,978281600,0.21,1.13,1033.2858,1200.0,885.0,1047.0,7,none,,951.96,564.92,775.4116,762.5344,1785414600,1793277000
EMR,Emerson Electric Company,Industrials,Specialty Industrial Machinery,85241618432,152.19,33.301968,21.0074,4.1655946,15.934,0.128,0.13828,0.26924,0.07,0.23,67.677,3706249984,1.46,1.233,171.81444,205.0,104.0,175.0,27,none,,166.35,122.64,150.1096,143.19225,1785873600,1793822400
EOG,"EOG Resources, Inc.",Energy,Oil & Gas E&P,78488141824,147.36,11.467704,10.215577,2.4302394,5.563,0.22507,0.25733,0.40717998,0.587,1.094,25.891,4478750208,2.77,0.272,160.5,193.0,134.0,157.0,28,buy,2.34375,153.67,101.59,142.8188,129.4749,1785873600,1793908800
EQIX,"Equinix, Inc.",Real Estate,REIT - Specialty,102393577472,1037.72,66.64868,55.514244,7.1195207,27.486,0.10735,0.15479,0.27021998,0.167,0.288,162.217,3776000000,1.99,0.973,1233.2333,1400.0,1060.0,1237.5,30,buy,1.51515,1128.68,720.62,1043.9476,966.5754,1785355200,1793217600
EQR,Equity Residential,Real Estate,REIT - Residential,24609972224,63.66,28.675674,41.35888,2.273409,17.342,0.080240004,0.27974,0.27879998,0.021,-0.399,78.679,1423153408,0.042600002,0.749,72.99412,79.0,66.0,72.0,17,buy,2.31579,71.5,57.57,67.0928,63.71325,,
EQT,EQT Corporation,Energy,Oil & Gas E&P,33821650944,54.07,12.545243,14.034533,1.338996,6.143,0.11078,0.29176,0.23372999,-0.039,-0.74,19.595,2460903936,1.22,0.576,67.34615,81.0,52.0,67.0,26,strong_buy,1.46154,68.24,47.94,52.835,56.08805,1784664000,1792526400
ERIE,Erie Indemnity Company,Financial Services,Insurance Brokers,12812585984,245.03,22.214869,17.48965,5.193404,15.055,0.24808,0.14007,0.19096,0.028,0.032,2.56,481207744,2.43,0.305,,,,,,none,,341.71,204.63,246.6422,253.3232,1785441600,1793304000
ES,Eversource Energy (D/B/A),Utilities,Utilities - Regulated Electric,25809752064,68.52,17.797401,13.936828,1.579202,10.937,0.09016,0.10354,0.23923,0.023,-0.854,180.7,811961344,4.6,0.698,73.58333,85.0,52.0,74.5,12,none,,76.57,62.89,72.529,70.23305,1785441600,1793822400
ESS,"Essex Property Trust, Inc.",Real Estate,REIT - Residential,18810646528,272.91,42.575665,43.32152,3.29498,19.837,0.0771,0.20893,0.33975,0.031,-0.718,122.409,1043926720,3.82,0.706,304.47,352.0,239.0,302.0,25,hold,2.57692,303.35,238.46,287.668,267.3783,1785355200,1793131200
ETN,"Eaton Corporation, PLC",Industrials,Specialty Industrial Machinery,165171167232,425.37,43.272636,26.366879,8.157133,28.0,0.19684,0.12752,0.16563,0.214,-0.159,105.059,3106125056,1.03,1.168,478.1708,534.0,333.0,487.0,25,buy,1.51852,478.0,311.92,415.7724,382.6747,1785501000,1793709000
ETR,Entergy Corporation,Utilities,Utilities - Regulated Electric,50324303872,105.33,26.93862,20.635138,2.6962755,14.488,0.10248999,0.13329001,0.24458,0.059,-0.019,186.77,-4400858112,2.43,0.481,123.025,137.0,91.0,126.0,20,buy,1.73913,118.45,87.38,109.6502,105.763,1785328200,1793277000
EVRG,"Evergy, Inc.",Utilities,Utilities - Regulated Electric,18818893824,81.62,20.768448,17.8794,1.8407758,12.445,0.092539996,0.15192,0.25238,0.044,0.23,160.554,-1443362560,3.41,0.51,91.27273,103.0,80.0,91.0,11,buy,1.92308,88.62,71.2,83.7588,80.75705,1786019400,1793881800
EW,Edwards Lifesciences Corporatio,Healthcare,Medical Devices,48580247552,84.37,50.22024,24.982677,4.581591,22.631,0.09175,0.15431,0.29839,0.136,-0.254,6.568,1232412544,,0.852,100.96154,110.0,84.0,101.5,26,buy,1.62069,96.29,72.3,89.2294,84.9716,1784836800,1793304000
EXC,Exelon Corporation,Utilities,Utilities - Regulated Electric,44465762304,43.16,15.867647,14.205312,1.5001738,11.42,0.09711,0.10989001,0.16590999,0.099,-0.002,177.362,-2685125120,3.87,0.389,48.88235,58.0,41.0,48.0,17,hold,2.80952,50.65,42.58,45.5222,45.8929,1785414600,1793709000
EXE,Expand Energy Corporation,Energy,Oil & Gas E&P,22686072832,94.83,8.175,10.898509,1.1449442,3.722,0.14893,0.2197,0.26323998,-0.106,-0.455,19.207,1466249984,2.43,0.323,125.33333,160.0,93.0,123.0,27,buy,1.53571,126.621,84.985,93.4317,100.69173,1785268800,1793131200
EXPD,Expeditors International of Was,Industrials,Integrated Freight & Logistics,25036195840,192.6,27.994186,24.29487,11.819577,19.446,0.4267,0.07634,0.107080005,0.321,0.515,26.745,797562240,0.84,1.058,177.7143,220.0,100.0,180.0,14,hold,3.17647,193.15,112.95,180.3742,159.697,1793709000,1793709000
EXPE,"Expedia Group, Inc.",Consumer Cyclical,Travel Services,33705031680,280.83,17.673378,11.49396,27.873945,11.602,0.89489,0.12968001,0.1898,0.14,1.887,230.271,3434374912,0.69,1.25,340.6389,430.0,245.0,332.5,36,buy,2.12821,342.0,185.34,295.8544,259.4068,1785960000,1793908800
EXR,Extra Space Storage Inc,Real Estate,REIT - Industrial,30377498624,137.64,30.384104,28.633898,2.1933963,18.92,0.06953,0.2728,0.45882,0.038,0.06,101.674,1499437568,4.71,1.176,158.5,178.0,140.0,157.5,20,buy,2.2381,158.88,125.71,145.6268,141.49385,1785268800,1793217600
F,Ford Motor Company,Consumer Cyclical,Auto Manufacturers,55706714112,13.97,,7.251869,1.5594999,25.765,-0.18252,-0.03935,0.018819999,-0.038,,456.708,-7940250112,4.29,1.835,15.85368,20.0,11.0,15.92,19,buy,2.47619,17.78,11.11,14.1058,13.52125,1785268800,1792699200
FANG,"Diamondback Energy, Inc.",Energy,Oil & Gas E&P,57660788736,204.97,39.041904,11.124318,1.5173635,6.421,0.034930002,0.09029,0.48466998,0.525,1.795,28.678,5035500032,2.15,0.414,233.44827,283.0,205.0,225.0,29,buy,1.51613,216.9,134.3,197.2462,181.97665,1785787200,1793649600
FAST,Fastenal Company,Industrials,Industrial Distribution,56594579456,49.32,42.153847,35.20669,13.908629,29.074,0.34334,0.15454,0.21023001,0.147,0.146,10.851,916124992,1.96,0.713,48.53077,59.0,39.9,47.0,13,hold,2.72222,52.92,38.97,48.8048,45.55555,1791981000,1791981000
FCX,"Freeport-McMoRan, Inc.",Basic Materials,Copper,102057762816,71.07,34.838234,17.185846,5.0753407,12.607,0.14755,0.113850005,0.33404,-0.073,0.281,32.149,2159249920,0.84,1.401,72.04545,83.0,30.0,75.0,22,buy,1.78261,80.24,35.15,67.3882,61.6062,1784809800,1792672200
FDS,FactSet Research Systems Inc.,Financial Services,Financial Data & Stock Exchanges,9236726784,259.71,17.119972,13.173385,4.5720367,11.263,0.27032,0.2321,0.30542,0.064,-0.096,77.284,621161344,1.79,0.711,265.5625,340.0,210.0,264.5,16,hold,3.22222,364.83,185.0,275.7718,249.73634,1790771400,1790771400
FDX,FedEx Corporation,Industrials,Integrated Freight & Logistics,73838804992,311.99,16.809807,14.956726,2.3660161,8.714,0.14846,0.0468,0.11129,0.125,-0.043,135.697,5656625152,1.57,1.364,355.10358,479.0,160.0,359.5,26,buy,1.82143,345.37,180.79774,318.9656,293.62375,1793217600,1793217600
FE,FirstEnergy Corp.,Utilities,Utilities - Regulated Electric,26683029504,46.13,24.66845,15.64047,2.0636127,10.532,0.09491,0.06939,0.19304001,0.088,0.083,200.908,-2014625024,4.03,0.441,53.16667,56.0,48.0,53.0,12,none,,52.34,43.0,47.6298,47.5274,1785268800,1792612800
FFIV,"F5, Inc.",Technology,Software - Infrastructure,23313977344,411.71,32.779457,22.775652,6.0678544,23.785,0.1983,0.21952999,0.24649,0.109,0.114,6.546,717135488,,1.03,436.1,515.0,300.0,438.0,10,none,,435.0,223.76,403.8394,330.6684,1785182400,1793044800
FICO,Fair Isaac Corporation,Technology,Software - Application,21282095104,985.39,28.487713,18.552761,-5.1942186,21.08,,0.3405,0.53787,0.257,0.412,,774413504,,1.318,1445.4194,1750.0,696.0,1525.0,19,buy,2.0,1998.01,870.01,1149.5981,1289.0426,1785355200,1793822400
FITB,Fifth Third Bancorp,Financial Services,Banks - Regional,49607675904,54.72,18.424242,11.080535,1.5358275,,0.08438,0.23239,0.39078,0.518,-0.057,,,2.94,0.913,62.9,70.0,55.0,63.5,20,buy,1.7619,59.5,40.05,56.4204,51.1558,1792413000,1792413000
FIX,"Comfort Systems USA, Inc.",Industrials,Engineering & Construction,59507273728,1690.82,41.666336,28.096754,92.117676,30.844,0.55292,0.12775,0.07885,0.01,0.388,45.489,1841915392,0.21,1.676,2197.0,2500.0,1910.0,2165.5,8,strong_buy,1.2,2073.99,755.0,1688.8326,1506.4763,1784836800,1792699200
FOX,Fox Corporation,Communication Services,Entertainment,24574570496,58.45,15.2213545,10.174065,2.1091185,7.233,0.14291,0.09839,0.25214002,0.281,0.031,64.06,555374976,0.99,0.559,,,,,,none,,68.175,44.08,55.192,56.9469,1786019400,1793277000
FOXA,Fox Corporation,Communication Services,Entertainment,27723646976,65.94,17.171877,11.334961,2.3793888,8.042,0.14291,0.09839,0.25214002,0.281,0.031,64.06,555374976,0.88,0.559,75.32941,112.0,52.6,76.0,17,none,,76.39,48.34,61.779,63.43435,1786019400,1793277000
FRT,Federal Realty Investment Trust,Real Estate,REIT - Retail,9939988480,114.36,23.103031,35.84616,3.1004474,18.009,0.12550999,0.32663,0.35035,0.072,-0.456,134.114,456137632,4.04,0.919,133.15788,149.0,118.0,134.0,19,buy,1.89474,128.21,90.03,120.2418,111.54535,1785501000,1793363400
FSLR,"First Solar, Inc.",Technology,Solar,22464409600,209.03,12.8871765,9.021346,2.176693,8.773,0.18509,0.32465,0.42641997,-0.037,0.233,1.88,1598684800,,1.733,274.81097,402.0,150.0,270.0,31,buy,1.91667,320.95,182.99,216.9078,229.7609,1785441600,1793304000
FTNT,"Fortinet, Inc.",Technology,Software - Infrastructure,114510700544,156.07,55.343975,41.312733,73.826866,42.762,1.17442,0.28173,0.33595002,0.256,0.439,36.194,2265587456,,1.059,163.125,220.0,102.0,165.0,36,hold,2.77273,173.89,73.55,158.982,111.6195,1785355200,1793822400
FTV,Fortive Corporation,Technology,Scientific & Technical Instruments,16672848896,54.69,28.936508,16.833235,2.730677,15.997,0.07318,0.12382,0.19137,0.079,0.04,59.283,939112512,0.51,0.973,64.30769,72.0,51.0,64.0,13,none,,64.56,47.31,60.1818,58.14455,1785328200,1793190600
GD,General Dynamics Corporation,Industrials,Aerospace & Defense,96291299328,355.9,21.687994,19.14746,3.5840886,15.271,0.17803,0.08179,0.1038,0.081,0.134,35.335,4400124928,1.79,0.321,422.30286,465.0,319.0,430.0,21,buy,2.08333,400.0,306.77,378.0778,354.80896,1785328200,1793190600
GDDY,GoDaddy Inc.,Technology,Software - Infrastructure,12420340736,98.07,14.572065,8.893221,1850.3773,10.92,4.42861,0.17834999,0.27056998,0.066,0.298,57334.33,1204950016,,0.94,104.53333,170.0,76.0,100.0,15,none,,148.19,71.59,94.238,95.5773,1785441600,1793304000
GE,GE Aerospace,Industrials,Aerospace & Defense,335817474048,323.66,38.167454,35.598602,19.037704,30.16,0.48231998,0.17716,0.20571,0.211,0.194,113.225,6594625024,0.58,1.35,404.90475,455.0,347.0,400.0,21,strong_buy,1.45455,388.84,268.91,353.5498,321.99246,1792499400,1792499400
GEHC,GE HealthCare Technologies Inc.,Healthcare,Medical Devices,29081231360,63.93,14.730414,11.8165245,2.6310806,10.46,0.19376,0.093339995,0.14976,0.058,0.168,93.965,1573124992,0.22,0.821,82.5,96.0,70.0,83.0,18,buy,1.73684,89.77,58.75,68.3007,72.56477,1785328200,1793190600
GEN,Gen Digital Inc.,Technology,Software - Infrastructure,18113243136,30.26,17.695906,9.149762,6.8245378,10.687,0.41944,0.20732,0.35554,0.063,0.64,307.831,1547124992,1.65,1.215,33.0,46.0,25.0,32.0,9,buy,2.2,31.65,17.78,28.1208,24.68,1786046400,1793908800
GEV,GE Vernova Inc.,Industrials,Specialty Industrial Machinery,254953160704,957.27,27.476177,37.821465,21.32242,62.926,0.82577,0.23035,0.07466,0.219,0.328,28.364,15722125312,0.21,0.967,1237.341,1450.0,940.0,1250.0,33,buy,1.54054,1195.94,530.16,1002.3296,893.8171,1793190600,1793190600
GILD,"Gilead Sciences, Inc.",Healthcare,Drug Manufacturers - General,178206359552,143.72,,14.533159,15.077634,13.663,-0.2068,-0.10637999,0.33679,0.102,,223.465,9768875008,2.28,0.35,158.14815,180.0,123.0,162.0,27,buy,1.75,157.29,108.46,138.0902,134.73105,1785873600,1793304000
GIS,"General Mills, Inc.",Consumer Defensive,Packaged Foods,19166466048,35.85,,11.171217,3.4624298,6.375,-0.01028,-0.00475,0.19194001,0.022,-0.145,217.629,2308499968,6.81,-0.025,37.72222,47.0,31.0,37.0,18,hold,3.05,51.33,31.75,37.8336,39.6816,1790166600,1790166600
GL,Globe Life Inc.,Financial Services,Insurance - Life,13154320384,171.17,11.373422,10.362484,2.142571,9.597,0.20944999,0.19577,0.24642,0.08,0.197,55.675,1163503360,0.77,0.462,193.90909,225.0,166.0,192.0,11,buy,1.90909,191.55,127.85,177.8084,154.76794,1784750400,1792612800
GLW,Corning Incorporated,Technology,Electronic Components,143043723264,166.4,77.03703,38.2541,12.003174,36.91,0.16813,0.111999996,0.15649,0.166,0.185,71.448,734499968,0.67,1.151,194.3125,238.0,129.0,200.0,16,strong_buy,1.47059,271.78,76.15,159.468,145.5018,1785241800,1793104200
GM,General Motors Company,Consumer Cyclical,Auto Manufacturers,77439139840,85.62,38.223217,5.769989,1.211101,10.984,0.03164,0.01051,0.03202,0.019,-0.262,202.341,21933750272,0.84,1.321,101.64,132.0,61.0,102.0,25,buy,1.73077,91.85,54.33,83.9816,80.19725,1792499400,1792499400
GNRC,Generac Holdlings Inc.,Industrials,Specialty Industrial Machinery,11033464832,186.99,42.887615,15.81949,3.834198,19.133,0.09491,0.05817,0.17932,0.106,0.92,49.003,289056512,,1.913,283.875,340.0,214.0,284.0,16,buy,1.7619,296.44,134.8,208.938,209.3507,1785328200,1793190600
GOOG,Alphabet Inc.,Communication Services,Internet Content & Information,4102531842048,335.45,16.83141,22.553036,6.5908914,23.093,0.48676,0.54771,0.34033,0.242,2.94,18.859,22665000960,0.26,1.225,422.336,475.0,340.0,430.0,15,strong_buy,1.37097,404.47,236.685,345.1784,335.5939,1784750400,1793217600
GOOGL,Alphabet Inc.,Communication Services,Internet Content & Information,4139833098240,338.5,16.975927,22.758093,6.6508174,23.309,0.48676,0.54771,0.34033,0.242,2.94,18.859,22665000960,0.26,1.225,428.06668,515.0,340.0,429.0,54,strong_buy,1.36508,408.61,235.84,347.1792,336.81055,1784750400,1793217600
GPC,Genuine Parts Company,Consumer Cyclical,Auto Parts,18429091840,133.68,534.72,16.096735,4.071761,11.956,0.0070700003,0.00131,0.06562,0.06,-0.098,146.415,917241984,3.18,0.656,140.375,170.0,122.0,132.5,8,none,,151.57,90.78,130.6584,120.0068,1784637000,1792499400
GPN,Global Payments Inc.,Industrials,Specialty Business Services,23363158016,88.29,41.843605,5.52197,1.0154812,9.453,0.02428,-0.091529995,0.16108,0.686,-0.952,98.273,7867763200,1.13,0.785,103.41379,194.0,70.0,95.0,29,buy,2.34286,95.88,61.16,85.9354,75.99025,1785933000,1793709000
GRMN,Garmin Ltd.,Technology,Scientific & Technical Instruments,54514667520,282.67,29.14124,25.685505,6.039441,22.529,0.21886998,0.24471001,0.30438998,0.114,0.353,2.513,1043656256,1.49,0.866,290.2857,370.0,220.0,295.0,7,hold,2.75,314.28,186.67,275.7336,240.0872,1785328200,1793190600
GS,"Goldman Sachs Group, Inc. (The)",Financial Services,Capital Markets,299667783680,1029.18,15.897128,13.901744,2.842654,,0.16902,0.31039,0.42176998,0.425,0.923,725.381,,1.94,1.283,1141.65,1325.0,730.0,1150.0,20,none,,1153.99,740.01,1044.5726,953.10205,1791894600,1791894600
GWW,"W.W. Grainger, Inc.",Industrials,Industrial Distribution,60432793600,1280.0,32.67807,25.07636,14.594213,19.552,0.46091,0.09923001,0.16072,0.103,0.205,61.977,1247750016,0.78,1.034,1332.5714,1500.0,1100.0,1352.5,14,hold,2.78947,1419.91,906.52,1333.7156,1184.5474,1793795400,1793795400
HAL,Halliburton Company,Energy,Oil & Gas Equipment & Services,29940656128,35.84,18.764399,12.348997,2.7149458,8.71,0.14917,0.0716,0.12793,0.037,0.161,74.186,2052249984,1.89,0.769,43.12,53.0,29.0,43.0,25,buy,1.75,43.59,21.46,34.3026,35.00645,1784637000,1792499400
HAS,"Hasbro, Inc.",Consumer Cyclical,Leisure,12911210496,91.54,16.288258,14.027593,18.33734,11.872,1.5956,0.15968001,0.22157,0.162,,531.042,688150016,3.06,0.466,109.64286,120.0,90.0,110.5,14,strong_buy,1.46667,106.98,69.5,89.7622,89.8587,1784637000,1792672200
HBAN,Huntington Bancshares Incorpora,Financial Services,Banks - Regional,34064195584,16.86,12.969232,8.979501,1.1453027,,0.09002,0.26131,0.41932,0.476,-0.029,,,3.68,0.941,20.3,23.0,18.0,20.0,19,buy,1.8,19.46,14.89,17.4254,17.0127,1784809800,1792672200
HCA,"HCA Healthcare, Inc.",Healthcare,Medical Care Facilities,94712291328,426.94,14.326846,13.314754,-14.010436,9.29,,0.08768,0.15161,0.087,0.116,,3738125056,0.73,1.109,451.4762,579.0,380.0,435.0,21,buy,2.0,556.52,353.99,404.9796,450.7238,1784896200,1792758600
HD,"Home Depot, Inc. (The)",Consumer Cyclical,Home Improvement Retail,308026671104,308.74,21.620447,19.266388,18.542942,14.976,1.0429599,0.0841,0.12858,0.057,0.046,380.261,10762625024,3.02,0.955,377.1875,425.0,310.0,379.0,32,buy,1.94444,426.75,289.1,335.8286,343.364,1794918600,1794918600
HIG,"The Hartford Insurance Group, I",Financial Services,Insurance - Diversified,36936105984,136.36,9.417128,9.961355,1.9191848,6.742,0.22061001,0.1489,0.17615,0.081,0.361,22.33,5507500032,1.76,0.45,149.85,164.0,135.0,149.0,20,buy,2.30435,146.07,120.33,139.3376,136.28275,1784836800,1793304000
HII,"Huntington Ingalls Industries, ",Industrials,Aerospace & Defense,11021072384,279.69,16.668056,13.4242,2.0747285,11.918,0.12968001,0.05013,0.0708,0.109,0.365,55.252,-300249984,1.96,0.225,368.41666,439.0,304.0,367.0,12,none,,460.0,263.62,297.5414,347.445,1785414600,1793277000
HLT,Hilton Worldwide Holdings Inc.,Consumer Cyclical,Lodging,68912627712,306.19,45.02794,29.286354,-10.963942,26.541,,0.31034002,0.62987,0.025,0.141,,1393874944,0.2,1.056,353.0,394.0,270.0,361.5,26,buy,1.96429,358.0,253.54,322.815,313.5806,1785241800,1793190600
HON,Honeywell International Inc.,Industrials,Conglomerates,64135979008,202.36,7.783077,20.335276,3.4599142,10.599,0.46577,0.21581,0.20249,0.043,2.639,185.369,2610374912,1.38,0.901,263.4091,303.0,186.0,265.0,22,buy,1.95652,260.28317,195.86786,226.9258,229.84605,1784809800,1792672200
HOOD,"Robinhood Markets, Inc.",Financial Services,Capital Markets,101209694208,112.57,49.809734,33.198166,10.675201,,0.23618999,0.42011002,0.43884,0.323,0.476,240.279,,,2.34,129.26443,170.0,57.0,131.0,27,buy,1.65517,153.86,63.515,103.4348,95.158875,1785355200,1793822400
HPE,Hewlett Packard Enterprise Comp,Technology,Communication Equipment,82422292480,62.09,32.005154,13.505724,3.1100981,14.019,0.10936,0.06666,0.12560001,0.337,4.102,76.464,4738625024,0.92,1.442,67.4295,88.0,52.0,66.5,20,buy,1.95652,64.25,19.84,51.108,34.0094,1788379200,1788379200
HPQ,HP Inc.,Technology,Computer Hardware,31995543552,35.48,13.5419855,11.306673,-347.84314,8.232,,0.04143,0.05396,0.125,-0.113,,3389874944,3.38,1.205,29.66471,72.0,19.0,28.0,17,hold,3.27778,36.23,17.56,28.0538,23.0652,1787774400,1795550400
HRL,Hormel Foods Corporation,Consumer Defensive,Packaged Foods,11320715264,20.57,33.177418,13.240813,1.4433062,8.693,0.042930003,0.028210001,0.11057,-0.029,-0.051,4.244,621551616,5.69,0.315,26.125,30.0,23.0,26.0,8,none,,26.6,19.7,24.0592,23.40755,1787833800,1787833800
HSIC,"Henry Schein, Inc.",Healthcare,Medical Distribution,10065684480,88.36,25.760933,14.730718,3.1323338,13.953,0.088549994,0.02963,0.057550002,0.067,0.171,80.733,446000000,,0.812,98.1875,112.0,64.0,101.0,16,buy,2.29412,92.18,61.95,87.7384,79.41485,1785846600,1793709000
HST,"Host Hotels & Resorts, Inc.",Real Estate,REIT - Hotel & Motel,15450716160,22.24,14.926174,21.068785,2.3847308,11.303,0.15558,0.16474001,0.18215,0.036,0.084,85.298,1692375040,3.6,1.101,25.29033,29.0,21.0,25.25,20,buy,1.90476,25.71,15.61,23.3296,21.0271,1785960000,1793822400
HSY,The Hershey Company,Consumer Defensive,Confectioners,34824437760,173.32,23.709988,17.563452,7.632217,14.681,0.32808998,0.12242,0.23119,0.066,6.31,129.821,1743636352,3.35,0.097,205.5238,250.0,170.0,200.0,21,buy,2.47826,239.48,161.43,178.4428,192.24014,1785414600,1793881800
HUBB,Hubbell Inc,Industrials,Electrical Equipment & Parts,24328353792,460.4,27.242603,20.093248,6.2180085,19.464,0.24444,0.14491999,0.21666999,0.153,-0.009,141.642,495812512,1.26,0.889,565.7273,630.0,502.0,575.0,11,buy,1.92308,565.4999,403.82,480.2974,488.76825,1785241800,1793104200
HUM,Humana Inc.,Healthcare,Healthcare Plans,49208905728,409.8,38.770103,24.734383,2.5612338,11.164,0.06893,0.00878,0.034649998,0.262,0.271,76.485,1940999936,0.86,0.745,419.0435,513.0,280.0,415.0,23,buy,2.19231,428.88,163.11,389.0328,283.22437,1793968200,1793968200
HWM,Howmet Aerospace Inc.,Industrials,Aerospace & Defense,91568791552,229.61,49.484917,35.627396,16.02303,34.241,0.34732,0.20522,0.28504,0.241,0.33,81.368,1189874944,0.25,1.186,337.128,375.0,256.56,340.0,20,strong_buy,1.45455,310.0,182.78,272.3084,246.1548,1786019400,1793881800
IBKR,"Interactive Brokers Group, Inc.",Financial Services,Capital Markets,155677638656,91.37,36.25794,28.675714,6.9732127,,0.24018998,0.16474001,0.76532996,0.263,0.353,205.748,,0.38,1.349,105.73846,121.0,70.0,109.0,13,buy,1.92857,98.75,58.95,92.075,79.45525,1784664000,1792526400
IBM,International Business Machines,Technology,Information Technology Services,229211865088,243.29,21.606571,18.483696,6.6530843,17.389,0.34460998,0.15522,0.16548,0.011,-0.018,188.97,12049750016,2.78,0.708,245.34695,350.0,174.0,245.0,23,buy,2.2,332.46,199.19,237.9954,261.23816,1792612800,1792612800
ICE,Intercontinental Exchange Inc.,Financial Services,Financial Data & Stock Exchanges,88363491328,157.4,22.231638,17.885084,2.988078,16.075,0.14094,0.38246,0.52626,0.048,0.142,69.226,3633625088,1.33,0.934,187.2857,232.0,163.0,182.0,14,strong_buy,1.46667,176.05,121.79,150.5594,155.3025,1785414600,1793277000
IDXX,"IDEXX Laboratories, Inc.",Healthcare,Diagnostics & Research,39812251648,504.7,35.467323,30.149883,24.685743,25.073,0.74211,0.25030002,0.3498,0.097,0.176,67.971,909368384,,1.538,698.9231,805.0,470.0,700.0,13,buy,2.21429,769.98,500.61,556.0482,603.46295,1785846600,1793622600
IEX,IDEX Corporation,Industrials,Specialty Industrial Machinery,16528738304,224.21,32.260433,23.292513,4.1396184,18.385,0.12955,0.1449,0.2217,0.064,0.109,47.06,555612480,1.3,0.972,255.92857,280.0,215.0,259.5,14,buy,1.73333,243.8,158.19,228.5834,207.0981,1785328200,1793190600
IFF,International Flavors & Fragran,Basic Materials,Specialty Chemicals,21345923072,83.61,,21.108253,1.5273186,14.169,-0.05548,0.02569,0.08495,0.018,-0.916,44.821,-1720999936,1.9,0.953,95.65556,105.0,76.0,95.5,18,buy,1.80952,89.32,59.14,81.9812,75.02115,1785873600,1793736000
INCY,Incyte Corporation,Healthcare,Biotechnology,24621694976,121.47,15.473886,13.670618,3.847884,10.361,0.30667,0.27706,0.41899,0.377,0.377,0.603,1180664576,,0.77,127.73913,155.0,86.0,130.0,23,buy,2.28571,132.6,81.09,121.5986,105.1509,1785241800,1793104200
INTC,Intel Corporation,Technology,Semiconductors,544151666688,102.94,,50.34258,5.9300656,32.995,-0.10715,-0.19794,0.12189999,0.254,,48.997,4866375168,,2.231,115.74419,200.0,75.0,112.0,43,buy,2.46939,142.35,24.22,98.3524,75.537,1784836800,1792699200
INTU,Intuit Inc.,Technology,Software - Application,85935079424,321.57,19.536453,11.767789,4.605437,12.725,0.23596,0.21289,0.17638999,0.137,-0.014,44.34,6353625088,1.72,0.976,405.6,732.0,290.0,400.0,31,buy,2.05882,705.08,252.84,319.7842,420.5958,1787688000,1795118400
INVH,Invitation Homes Inc.,Real Estate,REIT - Residential,16265763840,27.54,25.266056,40.312664,1.7963604,16.514,0.070539996,0.23197001,0.25115,0.101,0.605,94.425,1168785536,4.36,0.831,33.6087,41.0,30.0,34.0,23,buy,2.2,30.893,24.25,29.692,27.8826,1785355200,1793217600
IP,International Paper Company,Consumer Cyclical,Packaging & Containers,18196021248,34.36,,11.428686,1.2586542,6.958,-0.16479,-0.14205,0.02298,-0.022,,68.509,1646499968,5.38,0.883,47.81818,61.0,39.0,47.0,11,buy,1.58333,50.25,29.26,39.2172,38.3511,1793190600,1793190600
IQV,"IQVIA Holdings, Inc.",Healthcare,Diagnostics & Research,43087339520,261.77,32.558456,18.103693,6.9822087,18.83,0.22818,0.08096,0.13027,0.087,-0.006,257.975,2149750016,,1.186,276.27777,300.0,240.0,278.0,18,strong_buy,1.42857,271.8,154.5,235.2188,202.68005,1785241800,1793709000
IR,Ingersoll Rand Inc.,Industrials,Specialty Industrial Machinery,28296798208,72.93,30.136362,18.617558,2.780298,15.927,0.0947,0.12076,0.16882999,0.085,,47.903,1107425024,0.11,1.147,96.25,109.0,82.0,95.0,13,buy,2.0,100.96,68.07,81.057,82.00495,1785441600,1793304000
IRM,Iron Mountain Incorporated (Del,Real Estate,REIT - Specialty,34289410048,115.18,81.68794,42.218777,-26.767372,21.333,,0.055359997,0.19059,0.185,,,-436093504,3.0,1.204,146.2,155.0,140.0,146.0,10,buy,1.72727,134.68,77.77,121.4274,110.13505,1785933000,1793795400
ISRG,"Intuitive Surgical, Inc.",Healthcare,Medical Instruments & Supplies,132258340864,369.15,42.382317,30.529533,7.19058,29.976,0.17423001,0.28445998,0.33603,0.185,0.265,,2615200000,,1.465,476.34482,685.0,324.0,483.0,29,buy,1.78125,603.88,328.57,377.4598,459.8465,1784232000,1792526400
IT,"Gartner, Inc.",Technology,Information Technology Services,11340923904,179.59,16.150179,10.978263,-69.12625,9.525,1.13581,0.11996,0.22623,-0.006,0.331,,1052553024,,0.953,185.15385,229.0,150.0,184.0,13,hold,2.8,265.85,124.25,167.1348,176.497,1785846600,1793709000
ITW,Illinois Tool Works Inc.,Industrials,Specialty Industrial Machinery,76371968000,268.16,24.267874,21.63193,26.388508,17.734,1.04618,0.19393998,0.26900998,0.061,0.101,334.853,2432999936,2.59,0.997,301.85715,350.0,249.0,300.0,14,hold,3.1875,303.16,238.82,280.0558,267.36755,1785241800,1792758600
IVZ,Invesco Ltd,Financial Services,Asset Management,14251612160,32.28,,9.874277,1.4306607,12.783,-0.0057300003,-0.00934,0.19950001,0.205,,12.056,1140787456,2.69,1.605,33.96154,39.0,29.0,34.0,13,buy,2.42857,33.66,20.67,30.887,27.42495,1785241800,1793104200
J,Jacobs Solutions Inc.,Industrials,Engineering & Construction,16749773824,141.85,47.126247,17.175516,5.089702,18.423,0.07998,0.0238,0.07387,0.345,-0.254,124.734,645677888,1.02,0.679,162.53333,181.0,144.0,163.0,15,buy,1.9375,168.44,105.68,139.8168,132.7889,1785873600,1795118400
JBHT,"J.B. Hunt Transport Services, I",Industrials,Integrated Freight & Logistics,25395255296,270.45,38.47084,26.736408,6.9451222,16.009,0.18448,0.05311,0.07423,0.194,0.458,38.373,903028352,0.67,1.289,305.45456,370.0,182.0,317.5,22,none,,299.76,130.12,274.989,239.57275,1792094400,1792094400
JBL,Jabil Inc.,Technology,Electronic Components,33330675712,318.08,39.859646,18.89269,25.202438,14.984,0.65876,0.02566,0.05211,0.118,0.276,297.136,1211624960,0.11,1.292,429.55557,470.0,365.0,440.0,9,strong_buy,1.4,428.93,189.6,322.1492,295.10635,1790771400,1790771400
JCI,Johnson Controls International ,Industrials,Building Products & Equipment,88444305408,146.01,41.129578,24.134521,6.560183,22.5,0.14332,0.14319,0.15875,0.093,0.153,70.107,2984124928,1.1,1.304,163.36842,190.0,129.0,161.0,19,buy,2.09524,157.06,104.49,144.773,135.3407,1785328200,1793795400
JKHY,"Jack Henry & Associates, Inc.",Technology,Information Technology Services,11296542720,161.12,23.083094,20.586836,5.5019803,16.181,0.24040002,0.19760999,0.22503,0.047,-0.104,3.793,352223744,1.51,0.564,190.25,215.0,170.0,194.0,16,buy,1.83333,193.39,121.04,156.9306,159.80334,1787083200,1793736000
JNJ,Johnson & Johnson,Healthcare,Drug Manufacturers - General,640020840448,265.58,30.774042,21.331726,7.526924,19.164,0.25742,0.21482,0.2919,0.066,-0.009,57.709,16885125120,2.01,0.235,277.9091,320.0,190.0,282.0,22,buy,1.91304,281.07,173.33,262.7086,237.1165,1791894600,1791894600
JPM,JP Morgan Chase & Co.,Financial Services,Banks - Diversified,946925731840,356.23,15.269182,14.256049,2.67828,,0.17789,0.34921002,0.50394,0.304,0.469,,,1.7,0.975,376.14285,452.0,305.0,372.0,21,buy,2.125,366.5,279.1,351.7386,319.43646,1791894600,1791894600
KDP,Keurig Dr Pepper Inc.,Consumer Defensive,Beverages - Non-Alcoholic,42716327936,31.39,31.70707,12.384207,1.7064419,17.336,0.051,0.07103,0.12888,0.756,-0.9,99.649,4607249920,2.93,0.414,36.20588,42.0,29.0,38.0,17,buy,1.83333,33.82,24.88,31.18,29.22565,1786019400,1793017800
KEY,KeyCorp,Financial Services,Banks - Regional,23306088448,21.84,12.77193,10.221417,1.3534954,,0.1033,0.2754,0.3471,0.101,0.253,,,3.77,1.023,26.02105,43.0,22.0,25.0,19,buy,2.05263,24.07,16.47,22.6022,21.50555,1792499400,1792499400
KEYS,Keysight Technologies Inc.,Technology,Scientific & Technical Instruments,57651683328,338.64,45.88618,24.808956,8.776468,34.048,0.20897,0.19143,0.25677,0.365,1.091,42.094,1867124992,,1.208,415.08334,452.0,350.0,417.5,12,buy,1.58333,374.963,158.79,325.603,291.6984,1787083200,1795550400
KHC,The Kraft Heinz Company,Consumer Defensive,Packaged Foods,29171265536,24.6,,11.755093,0.8103034,8.304,-0.0876,-0.13639,0.1549,-0.014,,52.591,3250500096,6.5,0.082,25.14706,41.0,19.0,25.0,17,hold,3.10526,28.09,21.035,25.4694,24.02185,1785933000,1793190600
KIM,Kimco Realty Corporation (HC),Real Estate,REIT - Retail,15555605504,23.19,26.965117,26.352274,1.5141029,17.918,0.05806,0.27759,0.36565,0.049,-0.058,84.993,871483392,4.81,0.956,26.91667,31.0,24.0,26.0,21,buy,2.3913,26.65,19.76,24.7446,23.10695,1785846600,1793277000
KKR,KKR & Co. Inc.,Financial Services,Asset Management,93356531712,101.08,32.29393,13.642553,3.1836221,,0.0728,0.12201,0.2065,0.078,0.4,69.812,,0.77,1.791,128.67,166.0,115.0,126.0,20,buy,1.59091,152.1,82.67,103.5586,105.41545,1785414600,1793881800
KLAC,KLA Corporation,Technology,Semiconductor Equipment & Materials,236014616576,180.64,49.220707,26.939522,37.18403,39.186,0.87496,0.35574,0.42486,0.152,0.138,96.88,2624587520,0.52,1.444,233.76923,325.0,175.0,234.0,26,buy,1.86207,307.37,96.699,198.4568,172.91968,1785268800,1793217600
KMB,Kimberly-Clark Corporation,Consumer Defensive,Household & Personal Products,32579946496,98.15,19.397234,13.105854,18.652603,11.017,1.04913,0.1179,0.19002001,0.006,-0.323,348.933,941124992,5.22,0.273,117.8,162.0,90.0,115.0,15,buy,2.4375,127.78,92.42,108.8806,103.15865,1785846600,1793709000
KMI,"Kinder Morgan, Inc.",Energy,Oil & Gas Midstream,68658126848,30.86,19.909678,20.026997,2.1706407,13.399,0.109910004,0.19305,0.30065,0.108,0.212,98.619,1075000064,3.81,0.551,36.0,43.0,31.0,36.0,20,buy,2.13043,34.81,25.6,31.8832,31.1658,1784750400,1793217600
KO,Coca-Cola Company (The),Consumer Defensive,Beverages - Non-Alcoholic,379872051200,88.29,26.513514,25.037006,10.509463,24.116,0.42054,0.28558,0.34873,0.067,0.169,115.519,5218749952,2.4,0.342,94.69565,104.0,75.0,96.0,23,buy,1.75,92.49,65.35,86.5496,78.7738,1785241800,1792499400
KR,Kroger Company (The),Consumer Defensive,Grocery Stores,34860040192,58.49,31.616217,10.625697,6.3218765,8.594,0.14442,0.0072600003,0.029779999,0.02,0.136,413.24,2535500032,2.46,0.406,68.47619,85.0,57.0,68.0,21,buy,2.08333,76.58,54.15,57.7728,63.8642,1789129800,1796301000
KVUE,Kenvue Inc.,Consumer Defensive,Household & Personal Products,34151354368,17.78,20.917646,14.340908,3.2350802,11.966,0.15581,0.107609995,0.19418,0.03,0.085,81.617,1907500032,4.72,0.426,19.5,23.0,18.0,19.0,12,hold,2.78571,20.13,14.02,19.0808,17.9866,1786019400,1793881800
L,Loews Corporation,Financial Services,Insurance - Property & Casualty,22239690752,108.79,13.348467,37.513794,1.1633055,7.938,0.09313,0.09024,0.14533,0.039,0.156,44.609,1262000000,0.23,0.507,,,,,,none,,121.01,95.71,113.3662,108.8934,1785760200,1793622600
LDOS,"Leidos Holdings, Inc.",Technology,Information Technology Services,16208714752,128.86,12.031746,10.106428,3.0603716,9.258,0.27781,0.07803,0.11715999,0.072,-0.067,123.276,1146625024,1.33,0.572,156.6,225.0,125.0,160.0,15,buy,2.35294,205.77,98.86,125.1266,151.97485,1785846600,1793709000
LEN,Lennar Corporation,Consumer Cyclical,Residential Construction,19175251968,79.6,12.476488,12.413623,0.88689816,10.375,0.07368,0.04934,0.052750003,-0.052,-0.315,28.692,1077926016,2.51,1.398,86.23077,120.0,67.0,85.0,13,hold,3.42105,139.44,76.63,84.8504,97.6027,1789588800,1789588800
LH,Labcorp Holdings Inc.,Healthcare,Diagnostics & Research,25265895424,311.54,25.768404,15.703634,2.9283378,13.779,0.11728,0.069860004,0.1224,0.058,0.282,79.124,892049984,0.92,0.851,343.3125,385.0,293.0,350.0,16,buy,1.76471,341.8,244.52,309.522,276.6568,1785414600,1793104200
LHX,"L3Harris Technologies, Inc.",Industrials,Aerospace & Defense,45723136000,245.54,24.802021,18.259794,2.388963,28.591,,0.103690006,0.097270004,1.9,-0.061,34.574,,2.01,0.746,340.6154,405.0,269.0,340.0,13,buy,1.83333,379.23,244.76,279.4044,313.4284,1785355200,1793277000
LII,"Lennox International, Inc.",Industrials,Building Products & Equipment,12650590208,366.04,16.261217,13.971408,9.751705,12.49,0.71757007,0.14871,0.22856002,0.03,0.001,156.082,277737504,1.49,1.184,505.3846,609.0,375.0,495.0,13,buy,2.35294,587.27,365.7,457.3774,496.55475,1785328200,1793190600
LIN,Linde plc,Basic Materials,Specialty Chemicals,214918168576,466.22,30.117573,23.840984,5.4993043,17.333,0.18400998,0.20435,0.28119,0.093,0.113,68.947,4160750080,1.37,0.727,544.4,580.0,400.0,550.0,25,buy,1.67857,548.2,387.78,497.1066,481.5448,1785501000,1793363400
LITE,Lumentum Holdings Inc.,Technology,Communication Equipment,83154591744,927.03,,23.350882,17.686687,102.52,-2.40027,-2.3009598,0.27954,1.093,,35.987,224700000,,1.541,1149.3789,1400.0,820.0,1168.0,26,strong_buy,1.5,1085.68,144.52,826.4411,699.3482,1786478400,1793908800
LLY,Eli Lilly and Company,Healthcare,Drug Manufacturers - General,994487042048,1115.7,37.452164,23.61627,29.35898,24.947,1.02286,0.33528998,0.54222,0.477,0.262,162.071,11065900032,0.62,0.502,1318.6614,1600.0,930.0,1376.0,29,buy,1.7,1292.65,712.05,1184.6545,1064.8479,1793277000,1793277000
LMT,Lockheed Martin Corporation,Industrials,Aerospace & Defense,120978202624,524.19,19.342804,16.019543,13.750327,14.228,0.89165,0.08163,0.119569995,0.105,4.438,234.238,5562625024,2.63,0.104,637.8421,756.0,503.0,629.0,19,buy,2.42857,692.0,437.25,556.4122,558.06616,1784809800,1792499400
LNT,Alliant Energy Corporation,Utilities,Utilities - Regulated Electric,17439490048,67.26,21.284811,18.248959,2.3162754,16.147,0.11135,0.18447,0.19053,0.01,-0.04,160.951,-1138625024,3.18,0.532,78.04167,83.0,73.0,78.0,12,buy,1.92308,78.81,63.28,71.3958,70.4345,1785441600,1793908800
LOW,"Lowe's Companies, Inc.",Consumer Cyclical,Home Improvement Retail,110426652672,196.82,16.637363,15.107322,-14.846497,11.728,,0.073460005,0.13365,0.083,0.0,,4615374848,2.54,0.846,252.30302,290.0,191.0,255.0,33,buy,1.8,293.06,195.06,211.5012,235.6445,1795005000,1795005000
LRCX,Lam Research Corporation,Technology,Semiconductor Equipment & Materials,373168930816,298.22,51.774303,25.59424,29.920738,43.016,0.65066004,0.31272,0.37390998,0.3,0.348,33.049,3090484480,0.44,1.859,373.12903,500.0,290.0,380.0,31,strong_buy,1.45714,438.5,117.03,314.2418,264.1863,1785355200,1792612800
LULU,lululemon athletica inc.,Consumer Cyclical,Apparel Retail,10956971008,98.97,8.145679,10.923251,2.306993,4.911,0.30898002,0.12782,0.13212,-0.043,-0.059,44.689,1148515840,,0.864,106.39259,255.0,44.0,105.0,27,hold,3.2,225.98,95.67,117.1282,151.44945,1788465600,1788465600
LUV,Southwest Airlines Company,Industrials,Airlines,19196530688,39.24,24.525002,8.329318,2.7106936,9.536,0.11099,0.02783,0.033800002,0.164,0.205,97.275,-834750016,1.83,1.12,49.83043,65.0,35.0,50.0,23,hold,2.52,55.11,29.26,44.4164,43.2073,1792612800,1792612800
LVS,Las Vegas Sands Corp.,Consumer Cyclical,Resorts & Casinos,27741042688,42.83,16.600777,12.1995,47.74805,8.615,1.22869,0.12588,0.19658001,-0.007,-0.198,1703.902,2212875008,2.8,0.819,59.06842,71.5,47.0,60.0,19,buy,1.80952,70.45,42.11,45.8276,53.7976,1784750400,1792612800
LYB,LyondellBasell Industries NV,Basic Materials,Specialty Chemicals,20574285824,63.69,,9.93658,1.9278386,9.075,-0.02269,-0.01132,0.17924999,0.198,3.96,132.759,1228000000,4.33,0.353,68.35294,88.0,56.0,68.0,17,hold,2.78947,83.94,41.58,61.4956,60.90415,1785501000,1793363400
LYV,"Live Nation Entertainment, Inc.",Communication Services,Entertainment,39638056960,170.15,,90.11704,476.61063,28.105,0.17677,0.00513,0.06696,0.094,1.562,620.214,1695030656,,1.116,201.95833,222.0,145.0,209.0,24,none,,189.25,125.34,180.6006,161.2396,1785441600,1793736000
MA,Mastercard Incorporated,Financial Services,Credit Services,498616074240,569.19,31.343061,24.720724,88.99156,23.046,2.41202,0.46339,0.61108,0.141,0.221,439.583,16961250304,0.61,0.735,666.7138,740.0,550.0,668.0,37,strong_buy,1.425,601.62,464.52,562.2784,531.0841,1785414600,1793277000
MAA,Mid-America Apartment Communiti,Real Estate,REIT - Residential,14890771456,124.79,36.488304,38.05072,2.6642327,16.389,0.0705,0.18173,0.25356,0.01,0.137,102.377,921182272,4.9,0.715,143.16,160.0,121.0,145.0,25,hold,2.53846,144.41,120.3,132.6534,132.11095,1785355200,1793217600
MAR,Marriott International,Consumer Cyclical,Lodging,87275872256,334.69,34.611168,25.438421,-19.364151,21.726,,0.35029998,0.65276,0.111,0.043,,2060375040,0.87,1.104,380.8,425.0,280.0,393.0,25,buy,2.21429,410.98,256.76,358.5668,345.6492,1785760200,1793709000
MAS,Masco Corporation,Industrials,Building Products & Equipment,13511281664,68.52,15.788017,14.703452,-37.017826,11.076,58.625,0.11614,0.23645,-0.029,0.245,,897124992,1.87,1.294,80.61111,96.0,68.0,79.5,18,buy,2.42857,83.64,58.16,75.15,69.7749,1785328200,1793277000
MCD,McDonald's Corporation,Consumer Cyclical,Restaurants,178700713984,252.53,20.530893,18.0712,-174.6404,15.572,,0.3172,0.46485,0.037,0.057,,6262374912,2.94,0.414,314.80646,407.0,250.0,305.0,31,buy,2.05882,341.75,252.15,268.235,294.9124,1785846600,1793881800
MCHP,Microchip Technology Incorporat,Technology,Semiconductors,40291246080,74.2,109.11764,16.253572,6.245791,30.156,0.0719,0.0934,0.23958,0.38,,83.688,1364762496,2.45,1.736,108.64,135.0,80.0,108.0,25,buy,1.53846,105.91,48.52,78.5694,77.8323,1786046400,1793908800
MCK,McKesson Corporation,Healthcare,Medical Distribution,102775570432,881.51,23.639313,17.465483,-24.116602,15.888,,0.01117,0.01348,0.077,-0.176,,6801249792,0.43,0.307,980.73334,1065.0,845.0,1000.0,15,buy,1.61111,999.0,687.68,857.4148,843.7972,1785960000,1793822400
MCO,Moody's Corporation,Financial Services,Financial Data & Stock Exchanges,82252316672,474.95,30.155556,25.089832,27.191277,21.84,0.76932,0.34252,0.49473998,0.151,0.567,240.682,2579124992,0.87,1.334,561.9048,610.0,505.0,570.0,21,buy,1.70833,546.88,402.28,490.7142,473.0669,1784723400,1792585800
MDLZ,"Mondelez International, Inc.",Consumer Defensive,Confectioners,80151093248,62.44,22.871794,18.573107,3.00149,16.462,0.13340001,0.08862001,0.21978001,0.041,1.449,82.643,2252375040,3.33,0.402,69.13043,77.0,55.0,70.0,23,buy,1.95833,66.65,51.2,61.742,59.22325,1785268800,1793131200
MDT,Medtronic plc.,Healthcare,Medical Devices,116350386176,90.96,22.40394,14.210568,2.3179245,13.096,0.106479995,0.13934,0.19332,0.137,0.407,55.365,5412499968,3.17,0.574,104.76,121.0,85.0,106.0,25,buy,1.72414,106.33,73.31,87.6864,89.5461,1788265800,1794918600
MET,"MetLife, Inc.",Financial Services,Insurance - Life,61730230272,97.14,18.609196,8.895132,2.2575996,14.113,0.13094,0.04567,0.055180002,0.105,0.058,179.933,-20953999360,2.44,0.759,105.0625,119.0,84.0,107.0,16,buy,1.94444,100.93,67.33,95.163,82.381,1785960000,1794254400
META,"Meta Platforms, Inc.",Communication Services,Internet Content & Information,1650860490752,648.03,24.389538,18.536509,6.321011,15.256,0.29848,0.29834998,0.34827,0.28,-0.134,42.997,21553625088,0.32,1.243,758.2758,1000.0,580.0,750.0,57,strong_buy,1.33871,790.8,520.26,600.9022,623.23096,1785355200,1793217600
MGM,MGM Resorts International,Consumer Cyclical,Resorts & Casinos,10036034560,39.89,24.175758,19.307373,3.992194,17.116,0.18924999,0.02398,0.067880005,0.01,5.194,893.311,878991104,,1.282,50.40556,60.0,43.0,49.5,18,buy,2.40909,51.59,29.19,44.3072,39.77055,1785355200,1793217600
MKC,"McCormick & Company, Incorporat",Consumer Defensive,Packaged Foods,13797462016,51.32,8.539101,15.56071,1.9723289,13.074,0.24728,0.21912001,0.17422001,0.167,-0.142,65.143,714025024,3.74,0.634,60.61538,75.0,52.0,60.0,13,buy,2.13333,72.41,44.82,52.8414,56.8078,1790857800,1790857800
MLM,"Martin Marietta Materials, Inc.",Basic Materials,Building Materials,36217044992,509.96,33.114285,23.13686,2.6523118,17.341,0.08894,0.36737,0.20185,0.21,-0.232,54.945,593374976,0.66,1.101,659.1667,800.0,440.0,667.5,24,buy,1.875,710.97,491.62,546.056,599.20105,1785414600,1793709000
MMM,3M Company,Industrials,Conglomerates,85078728704,164.97,29.301954,16.87141,28.820755,14.332,0.81891996,0.11902001,0.20354,0.025,0.328,437.937,6350125056,1.92,1.074,185.57059,219.0,120.0,192.0,17,buy,2.22222,184.9,139.34,171.838,160.8568,1784637000,1792499400
MNST,Monster Beverage Corporation,Consumer Defensive,Beverages - Non-Alcoholic,85022851072,43.4,40.185184,33.151535,9.079498,27.851,0.25704,0.23079,0.2918,0.202,0.18,0.992,1681231104,,0.515,50.23913,57.0,35.0,50.0,23,buy,2.04,50.17,31.505,46.9687,41.9236,1786046400,1793908800
MO,"Altria Group, Inc.",Consumer Defensive,Tobacco,115178938368,68.98,14.522106,11.763242,-43.16646,8.735,,0.38999,0.7612,0.012,-0.027,,9014625280,6.45,0.494,70.0,82.0,58.0,71.0,11,none,,77.06,54.7,69.4784,66.5862,1793277000,1793277000
MOS,Mosaic Company (The),Basic Materials,Agricultural Inputs,8007791616,25.19,,16.089165,0.69851923,8.125,-0.05073,-0.05213,-0.00117,-0.06,,52.249,-746275008,3.49,0.831,26.77222,35.0,17.0,26.5,18,buy,2.45,36.99,19.8,23.0494,24.54895,1785873600,1793736000
MPC,Marathon Petroleum Corporation,Energy,Oil & Gas Refining & Marketing,115586473984,395.93,13.7380295,10.696362,5.8734603,9.375,0.42099,0.05549,0.13561,0.537,3.48,133.328,9249375232,1.01,0.527,351.66666,462.0,186.0,357.5,18,buy,2.26316,409.11,161.93,333.0122,245.73254,1785846600,1793709000
MPWR,"Monolithic Power Systems, Inc.",Technology,Semiconductors,60665065472,1234.46,75.18027,35.401066,15.573049,59.254,0.21979,0.24500999,0.30989,0.476,0.858,0.486,444316128,0.67,1.664,1839.8,2100.0,1575.0,1820.0,15,strong_buy,1.29412,1714.09,831.0,1318.587,1257.4084,1785441600,1793304000
MRK,"Merck & Company, Inc.",Healthcare,Drug Manufacturers - General,355100000256,143.93,115.144,15.070352,8.473448,13.921,0.06961,0.047659997,-0.00241,0.051,,128.408,15171500032,2.36,0.226,152.96153,186.0,105.0,152.5,26,buy,1.75,156.92,77.58,136.044,119.4069,1793277000,1793277000
MRNA,"Moderna, Inc.",Healthcare,Biotechnology,57477992448,143.97,,-32.215767,8.496312,-24.431,-0.38998002,-1.41427,-5.5793104,0.021,,19.036,299249984,,1.106,119.55556,170.0,45.0,125.0,18,hold,2.73913,176.66,22.28,91.0366,57.130627,1785501000,1793881800
MS,Morgan Stanley,Financial Services,Capital Markets,336698015744,214.38,17.330639,15.714278,3.1619003,,0.17969999,0.25897,0.41567,0.28,0.624,517.282,,2.15,1.207,237.33333,262.0,184.0,245.0,21,buy,2.32,232.25,151.84,215.8652,192.0222,1791981000,1791981000
MSCI,MSCI Inc.,Financial Services,Financial Data & Stock Exchanges,40320147456,554.61,30.306559,24.652235,-14.99189,23.703,,0.40735,0.56298,0.122,0.196,,1194705920,1.48,1.219,692.05884,760.0,570.0,700.0,17,strong_buy,1.5,644.77,501.08,577.6044,572.9374,1792499400,1792499400
MSFT,Microsoft Corporation,Technology,Software - Infrastructure,3680323239936,495.63,27.62709,21.025343,8.320827,19.215,0.34039003,0.40305,0.45111,0.177,0.317,29.118,16545500160,0.73,1.108,572.91516,870.0,400.0,555.0,52,strong_buy,1.36364,553.72,349.2,453.6688,431.25754,1785355200,1793217600
MSI,"Motorola Solutions, Inc.",Technology,Communication Equipment,77146587136,466.16,36.763405,24.402374,28.873335,22.904,0.91567004,0.17438999,0.27354,0.133,0.095,357.85,1979000064,1.04,0.881,526.8182,550.0,476.0,530.0,11,none,,494.85,359.36,448.6876,424.52686,1785960000,1793908800
MTB,M&T Bank Corporation,Financial Services,Banks - Regional,34759278592,239.83,12.689419,11.374188,1.3624382,,0.10742,0.32092,0.45108002,0.062,0.255,,,2.51,0.563,260.08334,304.0,224.0,257.5,18,hold,2.7,255.95,174.76,244.8334,221.8355,1792153800,1792153800
MTD,"Mettler-Toledo International, I",Healthcare,Diagnostics & Research,25917691904,1293.52,29.153032,25.022018,2021.1251,21.951,,0.21907,0.312,0.045,0.183,16668.447,693589632,,1.22,1452.5,1600.0,1200.0,1460.0,14,hold,2.6,1525.17,1023.05,1362.3878,1317.1576,1785441600,1793908800
MU,"Micron Technology, Inc.",Technology,Semiconductors,1101452017664,975.26,22.024843,6.24902,10.93157,15.857,0.66638,0.55906,0.80370003,3.457,13.685,6.33,7639499776,0.05,2.222,1513.1111,2200.0,361.0,1540.0,45,strong_buy,1.34694,1255.0,154.65,928.61,622.06726,1790798400,1790798400
NCLH,Norwegian Cruise Line Holdings ,Consumer Cyclical,Travel Services,6805163520,14.82,8.981818,8.757778,2.6450114,8.699,0.3673,0.07492,0.14042,0.049,6.163,621.051,-1680301312,,1.881,20.52,32.0,15.0,20.0,25,buy,2.2963,26.73,14.45,18.252,19.78815,1785414600,1793795400
NDAQ,"Nasdaq, Inc.",Financial Services,Financial Data & Stock Exchanges,50973147136,91.19,26.586006,19.48746,4.274999,17.817,0.16521999,0.35037,0.49333,0.149,0.141,77.687,1691500032,1.27,0.974,109.66667,135.0,84.0,108.0,15,buy,1.76471,101.79,76.55,93.8788,90.51875,1784809800,1792672200
NDSN,Nordson Corporation,Industrials,Specialty Industrial Machinery,17521623040,314.47,31.861197,24.29747,5.358062,20.065,0.17763,0.18631001,0.27403998,0.103,0.23,55.619,613806656,1.22,0.972,349.7143,375.0,282.0,360.0,7,buy,2.125,339.12,220.47,305.9002,280.8631,1787169600,1787169600
NEE,"NextEra Energy, Inc.",Utilities,Utilities - Regulated Electric,171666178048,82.31,18.49663,18.729208,3.0053306,19.876,0.11677,0.32401,0.31524,0.124,0.531,161.676,-17766875136,3.03,0.644,98.38889,114.0,55.0,100.5,18,buy,2.0,98.75,69.37,86.151,87.7833,1784896200,1793104200
NEM,Newmont Corporation,Basic Materials,Gold,133618712576,126.81,15.991173,12.574593,3.8103967,7.643,0.25905,0.33363998,0.51569,0.151,0.114,15.807,8815875072,0.82,0.543,132.86714,170.0,67.0,133.0,21,buy,1.56522,135.29,76.05,109.7796,109.3468,1784836800,1792699200
NFLX,"Netflix, Inc.",Communication Services,Entertainment,322288943104,77.4,24.339622,20.256954,10.689132,22.395,0.49541,0.28219,0.33381,0.134,0.111,55.236,25387552768,,1.526,93.66,135.0,70.0,93.0,45,none,,124.86,65.08,75.7008,86.2442,1784232000,1792526400
NI,NiSource Inc,Utilities,Utilities - Regulated Gas,19858583552,41.41,22.026596,18.378714,2.073818,13.071,0.085489996,0.13153,0.17156,0.046,-0.584,146.649,-1772999936,2.9,0.54,49.85714,55.0,43.0,50.5,14,buy,1.6,49.21,39.3,43.6866,45.02625,1785933000,1793190600
NKE,"Nike, Inc.",Consumer Cyclical,Footwear & Accessories,54592753664,36.8,17.52381,16.061943,3.671189,11.485,0.22138001,0.066989996,0.12687,-0.011,4.28,74.289,1889250048,4.46,1.11,49.35,94.0,23.0,45.5,36,hold,2.68293,76.97,36.55,41.157,50.91685,1790884800,1790884800
NOC,Northrop Grumman Corporation,Industrials,Aerospace & Defense,73726443520,518.97,16.501429,17.048965,4.1224737,12.195,0.26958,0.104820006,0.11604,0.051,-0.058,95.348,2478000128,1.9,-0.11,648.0476,815.0,538.0,640.0,21,buy,2.04348,774.0,479.02,544.6938,601.936,1784637000,1792499400
NOW,"ServiceNow, Inc.",Technology,Software - Application,137017729024,132.53,82.831245,26.476824,10.947464,48.604,0.14244,0.11336,0.04063,0.24,-0.219,67.538,5149374976,,0.972,143.84042,248.0,72.0,140.0,46,strong_buy,1.42857,194.726,81.24,119.5324,117.97996,1784750400,1793217600
NRG,"NRG Energy, Inc.",Utilities,Utilities - Independent Power Producers,23850481664,113.46,29.624022,10.133569,5.6747026,14.696,0.23772,0.02563,0.12765999,0.11,,483.357,772374976,1.67,1.173,188.75,270.0,104.0,187.0,16,buy,1.5625,189.96,108.34,124.9788,145.7076,1785846600,1793881800
NSC,Norfolk Southern Corporation,Industrials,Railroads,71935320064,320.27,27.32679,22.363474,4.4259415,15.542,0.16985,0.21021,0.35296002,0.114,-0.044,105.519,1382249984,1.69,1.268,365.27777,414.0,297.0,369.5,18,none,,358.6,274.78,335.7986,309.76474,1784809800,1792672200
NTAP,"NetApp, Inc.",Technology,Software - Infrastructure,39142379520,199.28,28.186703,18.041443,26.124804,18.186,1.14818,0.19184999,0.26667,0.299,0.635,169.498,1171374976,1.04,1.432,195.125,219.0,170.0,195.0,16,buy,2.3,209.06,93.69,181.4606,132.28575,1796155200,1796155200
NTRS,Northern Trust Corporation,Financial Services,Asset Management,34613379072,189.19,16.253437,14.924878,2.7653697,,0.17066,0.2467,0.42496,0.364,0.986,,,1.75,1.257,184.26923,208.0,158.0,184.0,13,hold,3.0,195.78,121.12,184.7788,159.6875,1792585800,1792585800
NUE,Nucor Corporation,Basic Materials,Steel,58858356736,259.43,20.704708,13.279851,2.6621857,11.34,0.14548999,0.07989,0.15668,0.23,0.938,30.512,683374976,0.86,1.881,283.75,308.0,231.0,286.5,16,buy,1.52941,280.11,131.32,250.9444,208.17854,1785182400,1793044800
NVDA,NVIDIA Corporation,Technology,Semiconductors,5271048421376,218.29,27.631645,14.022135,23.019087,26.021,1.17211,0.63663,0.66236997,1.059,1.278,16.971,41809874944,0.46,2.217,327.17758,515.0,180.0,315.0,58,strong_buy,1.29508,236.54,164.27,212.584,197.4727,1794945600,1794945600
NVR,"NVR, Inc.",Consumer Cyclical,Residential Construction,16417562624,6160.76,16.0257,14.966965,4.8653812,10.682,0.31544,0.1185,0.13889,-0.109,-0.226,32.15,918313280,,0.913,6782.0,7446.0,5664.0,7000.0,5,hold,2.66667,8489.85,5501.01,6365.522,6786.9287,1784809800,1792585800
NWS,News Corporation,Communication Services,Entertainment,17544667136,32.71,31.757282,21.637606,2.0849001,14.366,0.07979,0.06347,0.12537,0.108,-0.749,31.561,1045124992,0.61,0.923,,,,,,none,,35.76,25.49,32.5976,29.9452,1785960000,1793908800
NWSA,News Corporation,Communication Services,Entertainment,15790737408,29.44,28.582525,19.474506,1.876474,13.044,0.07979,0.06347,0.12537,0.108,-0.749,31.561,1045124992,0.68,0.923,36.1625,43.0,30.3,36.5,8,none,,31.66,22.2,28.8004,26.29675,1785960000,1793908800
NXPI,NXP Semiconductors N.V.,Technology,Semiconductors,59667087360,236.62,20.206661,13.076461,5.2364616,13.375,0.27921,0.22564,0.30406,0.195,0.726,93.325,3555000064,1.71,1.817,311.10345,400.0,190.0,310.0,29,buy,1.8,339.95,183.0,246.167,244.47885,1785268800,1793044800
O,Realty Income Corporation,Real Estate,REIT - Retail,56299974656,59.5,43.430656,38.31245,1.423513,16.695,0.03225,0.20898001,0.46965998,0.096,0.692,74.722,1582081920,5.47,0.712,68.1625,74.0,61.5,68.0,20,buy,2.5,67.94,55.86,63.0542,61.9225,1785960000,1793649600
ODFL,"Old Dominion Freight Line, Inc.",Industrials,Trucking,37280645120,179.79,34.575,27.03365,8.202847,20.642,0.24818,0.19443001,0.28835,0.104,0.323,0.44,970776000,0.64,1.165,228.78261,280.0,156.0,232.0,23,buy,2.44,252.03,126.01,211.7468,197.6036,1785328200,1793190600
OKE,"ONEOK, Inc.",Energy,Oil & Gas Midstream,60873773056,96.62,16.687393,15.539584,2.655344,12.244,0.16277,0.09287,0.13254,0.528,0.142,143.07,899875008,4.43,0.719,100.0,111.0,89.0,98.0,17,buy,2.36842,99.85,64.02,92.385,85.46425,1785787200,1793131200
OMC,Omnicom Group Inc.,Communication Services,Advertising Agencies,22518341632,79.01,213.54054,6.5598025,2.2434552,8.345,0.060510002,0.017439999,0.15384,0.634,0.588,107.744,4260624896,4.03,0.673,102.08333,139.0,77.0,100.0,12,buy,2.07692,89.57,66.33,83.142,78.15765,1785268800,1792526400
ON,ON Semiconductor Corporation,Technology,Semiconductors,29642719232,76.14,49.764706,16.811287,4.106132,14.597,0.08312,0.10168,0.19532,0.092,0.366,65.055,1656649984,,1.997,106.88,150.0,85.0,105.0,25,buy,2.17241,134.92,44.56,81.926,78.8747,1785787200,1793622600
ORCL,Oracle Corporation,Technology,Software - Infrastructure,432877174784,150.28,23.517998,13.689184,11.52454,17.188,0.41192,0.2636,0.35632,0.296,0.545,251.716,-45853626368,1.33,1.732,239.0961,400.0,110.0,239.0,41,buy,1.60465,329.5,114.5,140.6792,167.6445,1789070400,1796932800
ORLY,"O'Reilly Automotive, Inc.",Consumer Cyclical,Auto Parts,69425012736,85.82,27.244444,23.50428,-38.15918,18.886,,0.1427,0.2015,0.081,0.103,,1570733824,,0.515,107.8,120.0,89.0,110.0,25,buy,1.53571,108.72,82.59,88.5836,91.90375,1785355200,1793217600
OTIS,Otis Worldwide Corporation,Industrials,Specialty Industrial Machinery,26304251904,69.1,17.763494,15.202851,-4.576462,13.118,,0.10167,0.15133001,0.073,0.13,,1436249984,2.55,0.875,88.25,105.0,75.0,88.0,12,buy,2.14286,94.565,67.64,72.1086,79.61725,1784723400,1793190600
OXY,Occidental Petroleum Corporatio,Energy,Oil & Gas E&P,61437710336,61.46,18.129793,15.3110285,1.836326,5.893,0.10629,0.30318,0.45443,0.534,9.649,34.511,3788124928,1.82,0.164,67.56,79.0,55.0,69.0,25,buy,2.30769,67.45,38.8,57.098,52.79285,1785960000,1794254400
PANW,"Palo Alto Networks, Inc.",Technology,Software - Infrastructure,270471692288,330.65,826.625,67.77184,9.826151,173.056,0.01739,0.02674,0.05396,0.345,,9.337,4240624896,,0.908,393.42,475.0,190.0,410.0,50,buy,1.65455,398.88,139.57,349.5434,235.92876,1788292800,1795118400
PAYX,"Paychex, Inc.",Technology,Software - Application,41222541312,115.8,23.680983,18.124989,11.024372,27.783,,0.26633,0.38325,0.125,0.434,123.967,,4.13,,119.26667,150.0,95.0,118.0,15,hold,3.15789,135.78,85.45,117.6118,104.14415,1790166600,1790166600
PCAR,PACCAR Inc.,Industrials,Farm & Heavy Construction Machinery,64600772608,122.73,25.837896,16.987793,3.1789575,21.625,0.12755999,0.09003,0.12024,0.005,0.042,72.91,1943650048,1.14,0.972,144.8,164.0,125.0,140.0,15,buy,2.33333,139.24,92.25,127.9624,120.31,1785241800,1793104200
PCG,Pacific Gas & Electric Co.,Utilities,Utilities - Regulated Electric,30392664064,13.8,9.928058,7.659773,0.9403108,9.18,0.09318,0.11828,0.24788,0.001,0.398,189.45,-6150125056,1.45,0.245,19.65625,24.0,14.0,19.75,16,buy,2.05882,19.16,12.59,16.8676,16.73215,1784809800,1792672200
PEG,Public Service Enterprise Group,Utilities,Utilities - Regulated Electric,36073488384,72.39,18.007463,15.493042,2.0803516,13.571,0.11835,0.16041,0.18872,-0.089,-0.427,142.409,107750000,3.7,0.519,85.47222,96.0,73.0,85.0,18,buy,2.31818,87.63,72.08,76.548,79.7739,1785846600,1793622600
PEP,"Pepsico, Inc.",Consumer Defensive,Beverages - Non-Alcoholic,186213122048,136.32,17.866318,15.188198,8.426779,12.114,0.51508,0.10785,0.16836001,0.064,1.37,238.949,7831875072,4.33,0.361,155.0,183.0,124.0,155.0,22,hold,2.66667,171.48,133.73,139.476,148.5815,1791462600,1791462600
PFE,"Pfizer, Inc.",Healthcare,Drug Manufacturers - General,157994942464,27.72,36.473682,9.568519,1.8544286,8.276,0.05014,0.06804,0.27877,0.026,,74.253,12485624832,6.2,0.299,28.875,35.75,25.0,28.0,26,buy,2.46429,29.21,23.58,26.2684,26.2206,1785846600,1793709000
PFG,Principal Financial Group Inc,Financial Services,Asset Management,24871464960,116.165,16.547722,11.181087,2.0533283,11.063,0.12949,0.09932999,0.12336001,0.064,0.028,35.307,1056374976,2.89,0.872,111.83333,125.0,92.0,113.5,12,hold,3.0,121.18,77.9,112.7678,99.5181,1785182400,1793044800
PG,Procter & Gamble Company (The),Consumer Defensive,Household & Personal Products,337670406144,145.27,21.944109,19.631613,6.330675,14.695,0.30290002,0.18437,0.22084999,0.015,-0.155,64.49,13280874496,3.0,0.377,160.6087,186.0,143.0,162.0,23,buy,2.2,167.25,137.62,146.4186,147.48746,1792672200,1792672200
PGR,Progressive Corporation (The),Financial Services,Insurance - Property & Casualty,126458986496,217.62,10.919217,13.359075,3.6826696,8.621,0.34943,0.12849,0.18208,0.073,0.05,24.428,15114500096,0.19,0.259,232.0,309.0,198.0,233.0,21,hold,2.64,249.14,189.2,217.0316,210.4187,1784118600,1791981000
PH,Parker-Hannifin Corporation,Industrials,Specialty Industrial Machinery,119774085120,950.23,33.32971,24.265608,7.77876,22.602,0.25076,0.16968,0.23458,0.098,0.193,56.66,2961750016,0.84,1.123,1160.9535,1358.0,680.0,1214.0,23,buy,1.68,1099.94,715.37,989.5238,938.5543,1786019400,1793881800
PHM,"PulteGroup, Inc.",Consumer Cyclical,Residential Construction,22526916608,118.26,12.079674,10.530215,1.7054353,8.465,0.14901,0.1162,0.15685001,-0.096,-0.182,19.065,1078512896,0.88,1.201,142.26666,166.0,100.0,146.0,15,buy,2.0,144.5,108.49,127.3542,125.27605,1792672200,1792672200
PKG,Packaging Corporation of Americ,Consumer Cyclical,Packaging & Containers,20884639744,234.4,30.481144,17.86622,4.4527183,12.284,0.14887,0.07256,0.13121,0.147,-0.195,94.474,432950016,2.56,0.797,258.5,312.0,167.0,265.0,10,buy,2.0,259.98,191.5,241.7106,223.9252,1784750400,1792612800
PLD,"Prologis, Inc.",Real Estate,REIT - Industrial,131961405440,135.75,30.233854,39.867844,2.3602538,24.706,0.07749,0.43575,0.43030998,0.123,0.853,63.823,5406941184,3.18,1.316,158.23077,170.0,140.0,160.0,13,buy,2.0,153.35,111.03,141.9366,137.5675,1792067400,1792067400
PLTR,Palantir Technologies Inc.,Technology,Software - Infrastructure,401863442432,167.23,142.93163,71.89689,41.108654,147.514,0.38097,0.49005002,0.47120997,0.928,2.154,2.139,2159104512,,1.621,195.72963,255.0,80.0,205.1,27,buy,1.8125,207.52,106.37,153.9268,151.51978,1785787200,1793649600
PM,Philip Morris International Inc,Consumer Defensive,Tobacco,297788669952,191.06,26.244505,20.842833,-34.694027,19.031,,0.25559,0.40002,0.104,-0.075,,9714374656,3.1,0.395,207.26666,230.0,175.0,211.0,15,buy,1.6875,207.76,142.11,188.508,175.0445,1792585800,1792585800
PNC,"PNC Financial Services Group, I",Financial Services,Banks - Regional,97438007296,244.24,13.441937,11.41165,1.6784639,,0.12623,0.31366,0.38689,0.236,0.249,,,3.28,0.889,277.725,305.0,251.0,279.0,20,buy,1.81818,258.96,176.88,249.0828,225.8791,1792067400,1792067400
PNR,Pentair plc.,Industrials,Specialty Industrial Machinery,9143641088,56.58,14.582475,10.948355,2.4090948,10.345,0.17126,0.16237,0.2344,-0.17,-0.111,47.067,558312512,1.87,1.018,76.30769,94.0,60.0,78.0,13,buy,2.375,113.95,56.25,65.5236,84.81285,1785241800,1792499400
PNW,Pinnacle West Capital Corporati,Utilities,Utilities - Regulated Electric,11647053824,96.1,18.445297,17.261633,1.6555549,13.114,0.09365,0.11525,0.21341999,0.071,-0.095,233.288,-929501376,3.79,0.437,105.84615,129.0,87.0,106.0,13,hold,2.5625,111.16,85.32,102.0852,98.66875,1785846600,1793709000
PODD,Insulet Corporation,Healthcare,Medical Devices,9151980544,131.96,24.757975,17.113527,6.4348764,15.556,0.26016,0.12291,0.16178,0.235,3.286,66.685,236900000,,1.079,171.90909,275.0,144.0,167.5,22,buy,1.96,354.88,126.4,152.6988,206.3161,1785933000,1793881800
POOL,Pool Corporation,Industrials,Industrial Distribution,6288402944,173.04,15.904411,14.642381,4.9907703,12.369,0.31254998,0.07414,0.15137,0.022,0.0,134.537,212930256,3.01,1.055,219.5,260.0,185.0,215.0,12,buy,2.4,336.15,172.6,194.618,214.34026,1784809800,1792672200
PPG,"PPG Industries, Inc.",Basic Materials,Specialty Chemicals,23452649472,105.5,15.136299,12.178032,2.777778,10.919,0.19297001,0.09573,0.14016,0.072,-0.015,86.938,1104625024,2.81,1.063,126.28571,138.0,115.0,125.0,21,buy,2.125,133.43,93.39,114.5774,111.59785,1785268800,1793131200
PPL,PPL Corporation,Utilities,Utilities - Regulated Electric,25646729216,34.08,20.16568,16.098026,1.7042557,12.155,0.086330004,0.13471,0.23591,0.042,0.212,135.434,-1938375040,3.35,0.583,40.92857,45.0,36.0,42.0,14,none,,40.11,33.17,35.3918,36.2576,1786105800,1793795400
PRU,"Prudential Financial, Inc.",Financial Services,Insurance - Life,41137799168,119.24,10.810517,8.025376,1.3035825,11.851,0.12011,0.06007,0.075219996,0.141,0.892,163.891,7527750144,4.7,0.819,113.4,131.0,92.0,113.0,15,none,,127.72,91.89,119.857,108.27755,1785873600,1793217600
PSA,Public Storage,Real Estate,REIT - Industrial,55401701376,296.5,28.319006,29.308382,10.757955,19.333,0.21929,0.41632998,0.45703998,0.033,0.451,109.632,2334240256,4.07,0.935,336.33334,374.0,285.0,339.5,18,hold,2.54545,335.55,256.54,318.3784,298.3248,1785355200,1793217600
PSX,Phillips 66,Energy,Oil & Gas Refining & Marketing,103533961216,259.47,14.818389,11.900868,3.2861774,12.211,0.23452999,0.046609998,0.08529,0.531,3.449,62.884,4545375232,1.97,0.704,240.05263,335.0,160.0,242.0,19,buy,2.15,265.43,126.74,221.2768,174.8861,1785933000,1793277000
PTC,PTC Inc.,Technology,Software - Application,14190448640,130.78,12.684772,14.679158,4.1730747,12.106,0.35053003,0.41429,0.28232,-0.068,-0.12,46.335,1031425152,,1.002,173.35,230.0,140.0,167.5,20,buy,1.9,208.56,108.5,137.6812,147.8888,1785355200,1794427200
PWR,"Quanta Services, Inc.",Industrials,Engineering & Construction,97810407424,650.58,74.607796,32.99909,10.143757,34.158,0.15337,0.04032,0.07217,0.411,0.947,67.78,1955491328,0.07,1.2,768.69586,976.0,410.0,800.0,29,buy,1.51613,788.75,373.4,646.6074,591.8134,1785414600,1793277000
PYPL,"PayPal Holdings, Inc.",Financial Services,Credit Services,46306639872,53.72,10.15501,9.285378,2.3363633,7.578,0.24497,0.14364,0.16966,0.048,-0.031,71.751,4423124992,1.04,1.286,57.07344,80.0,36.0,57.0,32,hold,2.88372,79.215,38.46,55.7527,50.885124,1793104200,1793104200
QCOM,QUALCOMM Incorporated,Technology,Semiconductors,194354970624,181.97,20.796572,17.797794,6.954179,16.508,0.33754003,0.21013,0.18528,-0.04,-0.23,55.21,10241000448,2.02,1.679,194.43333,400.0,100.0,175.0,30,hold,2.56757,259.92,121.99,168.6018,168.10455,1785355200,1793304000
RCL,Royal Caribbean Cruises Ltd.,Consumer Cyclical,Travel Services,69574991872,260.14,16.077875,12.819288,6.7969594,13.347,0.44669998,0.23541,0.2707,0.065,-0.046,224.816,-1516249984,2.32,1.75,346.92307,415.0,262.0,353.0,26,buy,1.75,356.39,232.1,292.9028,287.9447,1785241800,1793104200
REG,Regency Centers Corporation,Real Estate,REIT - Retail,13950861312,74.62,25.12458,29.644285,2.050169,17.813,0.081870005,0.32996,0.39643002,0.089,0.089,71.972,743363968,4.05,0.807,87.05556,102.0,82.0,85.0,18,buy,2.1,83.66,66.86,78.3186,76.0401,1785355200,1793217600
REGN,"Regeneron Pharmaceuticals, Inc.",Healthcare,Biotechnology,80458293248,781.49,19.343811,12.89056,2.4722013,15.47,0.14043,0.27865,0.33106,0.167,-0.045,8.535,3065299968,0.48,0.193,849.3174,1030.0,730.0,854.0,27,buy,1.89286,859.34,541.0,751.4568,733.5314,1785414600,1793190600
RF,Regions Financial Corporation,Financial Services,Banks - Regional,25668636672,30.13,12.247967,10.588983,1.4706168,,0.118669994,0.30837,0.39314997,0.034,0.085,,,3.66,1.003,32.9925,36.0,28.0,33.05,20,hold,2.90909,32.47,22.7,30.8602,28.57095,1792153800,1792153800
RJF,"Raymond James Financial, Inc.",Financial Services,Asset Management,33367064576,173.46,15.12293,12.217825,2.6242852,,0.18416001,0.15131,0.19301,0.151,0.42,47.594,,1.24,0.917,186.0,205.0,160.0,187.0,13,buy,2.46667,182.73,138.82,174.1166,160.7495,1793217600,1793217600
RL,Ralph Lauren Corporation,Consumer Cyclical,Apparel Manufacturing,20203741184,339.09,21.36673,16.21317,7.4257617,13.348,0.37537,0.117639996,0.18395,0.14,0.216,110.373,880087488,1.18,1.353,446.70587,520.0,250.0,455.0,17,buy,1.52632,421.6,299.98,373.9594,366.38266,1786019400,1793881800
RMD,ResMed Inc.,Healthcare,Medical Instruments & Supplies,31485952000,218.27,20.927134,16.504822,4.780752,14.717,0.24269,0.26945,0.30857,0.086,0.024,12.542,939248256,1.2,0.766,246.4375,320.0,175.0,235.0,16,buy,2.42105,284.87,180.27,216.965,227.85464,1786046400,1793304000
ROK,"Rockwell Automation, Inc.",Industrials,Specialty Industrial Machinery,47572144128,428.39,40.149017,28.852493,13.615243,24.239,0.30629,0.13385001,0.20968,0.079,0.404,103.347,1303874944,1.29,1.515,478.625,550.0,282.0,495.0,24,buy,2.25926,497.36,332.71,449.1654,421.6303,1785846600,1793881800
ROL,"Rollins, Inc.",Consumer Cyclical,Personal Services,16710179840,34.73,31.572725,26.703676,11.689667,20.48,0.37008998,0.1355,0.18799,0.079,0.031,78.015,501737504,2.11,0.736,45.58824,66.0,32.0,45.0,17,hold,2.52632,66.14,34.35,38.897,51.7787,1784750400,1793217600
ROP,"Roper Technologies, Inc.",Technology,Software - Application,38424965120,388.52,16.181591,15.993472,2.054759,15.25,0.13066,0.30244,0.27725,0.085,2.33,60.531,2265687552,0.94,0.747,445.2,550.0,335.0,424.0,15,buy,2.4,521.28,305.96,388.0116,375.05136,1784809800,1792672200
ROST,"Ross Stores, Inc.",Consumer Cyclical,Apparel Retail,73710616576,230.74,27.934624,25.803003,10.938656,20.279,0.42628,0.10848,0.13578,0.133,0.705,70.281,2002041600,0.77,0.861,269.94443,310.0,176.0,282.5,18,buy,1.75,257.0,143.39,235.7922,213.8973,1787256000,1795118400
RSG,"Republic Services, Inc.",Industrials,Waste Management,68205883392,222.74,31.549576,27.645388,5.6648016,15.673,0.18152,0.12942,0.20429,0.046,0.051,118.798,1942625024,1.2,0.4,245.91667,272.0,208.0,247.0,24,buy,2.0,233.42,196.41,218.1298,215.10394,1786046400,1793304000
RTX,RTX Corporation,Industrials,Aerospace & Defense,266424811520,197.68,34.864197,25.163765,4.013807,18.795,0.12274,0.08276,0.12696,0.145,0.287,57.02,9880000512,1.48,0.287,234.81818,265.0,200.0,240.0,22,buy,1.86957,226.88,155.64,208.3782,193.5967,1784809800,1792499400
RVTY,"Revvity, Inc.",Healthcare,Diagnostics & Research,13871304704,124.31,59.764423,21.095879,1.9188677,18.485,0.03211,0.08158,0.17052999,0.013,0.012,46.225,604992128,0.23,1.089,126.11765,165.0,100.0,125.0,17,buy,2.36842,133.0,81.22,117.354,102.95605,1785846600,1793017800
SBAC,SBA Communications Corporation,Real Estate,REIT - Specialty,19676162048,185.47,20.007551,22.661211,-4.2498055,18.894,,0.34512,0.52165,0.023,-0.105,,752056384,2.7,0.984,226.4,280.0,167.0,224.5,20,buy,2.14286,224.46,162.41,183.615,192.76375,1785787200,1793649600
SBUX,Starbucks Corporation,Consumer Cyclical,Restaurants,112563601408,98.74,57.07514,31.634052,-14.665083,23.291,,0.05172,0.12919,-0.014,0.857,,3065537536,2.51,0.965,112.22581,143.0,81.0,112.0,31,buy,2.33333,110.51,77.99,105.1564,97.96765,1785355200,1793217600
SCHW,Charles Schwab Corporation (The,Financial Services,Capital Markets,185471254528,107.25,19.53552,13.742353,4.218621,,0.20273,0.38793,0.52277,0.209,0.426,151.106,,1.19,0.753,124.95,145.0,91.0,125.5,20,buy,1.72727,114.53,83.96,106.2482,97.74075,1784637000,1792067400
SHW,Sherwin-Williams Company (The),Basic Materials,Specialty Chemicals,78486134784,323.31,29.853186,23.771746,20.241032,19.699,0.65124,0.11013,0.18124,0.075,0.143,389.958,2506037504,0.99,1.089,391.0,420.0,340.0,395.5,22,buy,2.0,377.77,289.86,341.1822,334.00534,1785241800,1793104200
SJM,The J.M. Smucker Company,Consumer Defensive,Packaged Foods,12940560384,121.14,56.607475,11.13056,2.330736,8.763,0.03931,0.02506,0.17898001,0.05,,120.682,1464337536,3.7,0.263,141.4375,157.0,114.0,145.0,16,none,,135.89,88.25,120.1068,107.16775,1787747400,1795523400
SLB,SLB Limited,Energy,Oil & Gas Equipment & Services,83201073152,56.06,27.346342,17.330551,3.191029,12.606,0.12909001,0.08527,0.12706,0.05,-0.297,47.002,2955124992,2.1,0.774,62.24138,72.0,43.0,63.0,29,buy,1.6,60.46,31.64,51.6138,49.47225,1784896200,1792758600
SMCI,"Super Micro Computer, Inc.",Technology,Computer Hardware,25939607552,40.1,12.300613,7.5292153,2.5690305,11.432,0.21465999,0.0571,0.13382,0.932,4.347,63.951,-8248783872,,1.996,42.375,60.0,15.0,42.5,16,hold,2.84211,58.78,19.48,32.5248,31.4897,1786478400,1793736000
SNA,Snap-On Incorporated,Industrials,Tools & Accessories,19420432384,375.44,19.155102,17.595314,3.2142184,13.501,0.17932,0.19597,0.25397,0.042,0.051,21.595,1109474944,2.6,0.712,413.77777,485.0,330.0,415.0,9,none,,423.02,320.8,400.7986,377.4269,1784809800,1792067400
SNPS,"Synopsys, Inc.",Technology,Software - Infrastructure,76152569856,397.38,69.47203,22.673883,2.4441068,40.176,0.03661,0.11432999,0.14521,0.424,0.893,34.804,3425542400,,1.227,545.93384,633.0,414.77,560.0,26,strong_buy,1.48,539.48,366.0,408.1626,447.37036,1787774400,1787774400
SO,Southern Company (The),Utilities,Utilities - Regulated Electric,100277141504,87.17,21.004818,17.701971,2.534159,12.425,0.114829995,0.15435,0.29612,0.001,0.304,182.058,-3913374976,3.46,0.316,99.97368,114.0,79.0,101.0,19,hold,2.65217,100.84,83.8,92.736,92.3783,1785414600,1793277000
SOLV,Solventum Corporation,Healthcare,Medical Instruments & Supplies,14886064128,87.45,10.690708,12.101595,3.0993054,17.364,0.33960998,0.17256,0.09778,0.022,0.039,110.313,489000000,,0.687,93.92308,113.0,70.0,95.0,13,buy,2.2,94.16,62.38,84.853,77.58205,1785960000,1793908800
SPG,"Simon Property Group, Inc.",Real Estate,REIT - Retail,77758283776,204.83,14.455187,30.136818,15.0821,18.759,1.20508,0.66571,0.46023998,0.195,-0.125,503.504,2595271168,4.35,1.312,235.44444,285.0,207.0,226.0,18,buy,2.45,238.5,172.19,221.065,202.2957,1786392000,1793649600
SPGI,S&P Global Inc.,Financial Services,Financial Data & Stock Exchanges,121077309440,410.71,24.997564,20.31282,3.8436196,16.926,0.14255,0.30536,0.4479,0.104,0.177,42.98,5448249856,0.94,1.077,520.3,553.0,485.0,525.0,20,strong_buy,1.33333,522.46924,361.03122,428.3202,429.1484,1785241800,1793277000
SRE,DBA Sempra,Utilities,Utilities - Diversified,54496051200,83.34,24.15652,15.054271,1.6669333,17.319,0.06679,0.16824,0.28328,-0.001,0.713,84.663,-27657750528,3.16,0.564,101.82353,118.0,84.0,102.0,17,buy,1.57895,101.04,79.59,88.0836,90.8671,1786019400,1793795400
STE,STERIS plc (Ireland),Healthcare,Medical Devices,20549122048,210.76,25.76528,17.208958,2.8513832,13.487,0.11389,0.13333,0.19153,0.073,0.14,28.312,798862528,1.22,0.914,263.125,280.0,232.0,269.5,8,none,,269.44,195.14,225.4228,232.0071,1785960000,1793822400
STLD,"Steel Dynamics, Inc.",Basic Materials,Steel,34368643072,239.79,21.779291,12.379976,3.6558366,14.26,0.17568001,0.07825,0.114989996,0.334,0.836,46.924,234191248,0.88,1.515,272.2143,310.0,221.0,271.0,14,buy,2.0,288.74,129.41,242.5034,211.99435,1784577600,1792440000
STT,State Street Corporation,Financial Services,Asset Management,53127319552,193.4,17.069725,12.630402,2.222784,,0.12437,0.23005,0.27818,-0.028,-0.241,,,1.9,1.418,199.5,215.0,150.0,200.0,14,buy,2.0625,195.93,104.64,186.2816,150.5489,1791981000,1791981000
STX,Seagate Technology Holdings PLC,Technology,Computer Hardware,188774842368,830.17,59.896824,14.992758,86.8833,42.281,3.7152898,0.26108998,0.4307,0.485,1.488,179.88,1943750016,0.36,2.087,1125.0,1600.0,700.0,1150.0,23,strong_buy,1.44,1145.0,199.65,848.2074,605.879,1785268800,1793131200
STZ,"Constellation Brands, Inc.",Consumer Defensive,Beverages - Brewers,20914993152,122.45,11.673022,9.885203,2.543253,9.156,0.2369,0.20143999,0.35931,-0.033,0.307,123.205,2210487552,3.33,0.4,170.21739,209.0,115.0,173.0,23,buy,2.04167,168.6,120.25,131.6546,144.9789,1791316800,1791316800
SWK,"Stanley Black & Decker, Inc.",Industrials,Tools & Accessories,13476724736,89.24,21.819069,13.980492,1.5042561,10.104,0.06886,0.040689997,0.08443,0.004,2.478,58.172,1419049984,3.77,1.173,100.72727,110.0,93.0,100.0,11,buy,2.46667,104.68,61.9,95.0412,82.51535,1785328200,1793709000
SWKS,"Skyworks Solutions, Inc.",Technology,Semiconductors,13288367104,88.35,45.777203,17.802988,2.3171947,14.97,0.05094,0.072270006,0.08825,-0.031,-0.686,11.869,448812512,4.13,1.518,68.35294,85.0,52.0,70.0,17,hold,3.0,92.3,51.93,65.9738,64.2684,1785268800,1793736000
SYF,Synchrony Financial,Financial Services,Credit Services,24724930560,75.99,7.793846,7.2391143,1.6267419,,0.20786,0.35507,0.50219,0.006,0.036,,,1.8,1.308,89.30435,104.0,78.0,89.0,23,buy,1.875,88.77,63.08,76.7796,75.1853,1784637000,1791981000
SYK,Stryker Corporation,Healthcare,Medical Devices,105697386496,275.56,28.58506,16.458664,4.406281,15.953,0.16508,0.14433,0.27015,0.094,0.441,64.391,4107624960,1.28,0.768,376.28,465.0,315.0,370.0,25,buy,1.67857,392.55,267.0,325.0274,336.6761,1785441600,1793304000
SYY,Sysco Corporation,Consumer Defensive,Food Distribution,39865577472,83.21,22.734972,15.277981,14.936276,11.825,0.77692,0.02078,0.048449997,0.047,0.053,564.591,1914000000,2.64,0.627,90.30769,100.0,78.0,89.0,13,buy,2.4,91.85,68.19,82.9722,79.51985,1785846600,1793709000
T,AT&T Inc.,Communication Services,Telecom Services,178573164544,26.06,8.60066,10.164916,1.6230693,7.672,0.18339,0.16943,0.24786,0.023,0.062,129.054,10142000128,4.34,0.431,28.70652,36.0,20.0,28.0,23,buy,2.08,29.79,19.89,23.8638,25.14455,1792585800,1792585800
TAP,Molson Coors Beverage Company,Consumer Defensive,Beverages - Brewers,7258651648,38.93,,7.92515,0.71900856,5.891,-0.19466,-0.20808001,0.11297,-0.033,-0.423,76.03,935137472,4.93,0.42,45.47619,61.0,34.0,45.0,21,hold,2.7619,54.82,37.76,40.9688,43.9406,1786019400,1793709000
TDG,Transdigm Group Incorporated,Industrials,Aerospace & Defense,63782182912,1140.32,34.597088,23.555399,-6.7886696,18.416,,0.21277,0.46005002,0.225,0.109,,1457374976,,0.893,1522.7894,1972.0,1350.0,1475.0,19,buy,1.95455,1463.03,1119.62,1226.9366,1265.2085,1785846600,1793881800
TDY,Teledyne Technologies Incorpora,Technology,Scientific & Technical Instruments,27973068800,603.79,29.239225,22.591925,2.5634286,18.636,0.09154,0.15292,0.20198,0.098,0.212,18.565,912675008,,0.908,757.25,877.0,640.0,755.0,12,buy,1.75,697.67,483.02,642.6842,615.9635,1784723400,1792585800
TECH,Bio-Techne Corp,Healthcare,Biotechnology,11309731840,72.12,62.172417,31.270462,5.3398495,33.921,0.09032,0.14968,0.27871,0.013,,13.712,229653120,0.44,1.275,70.72727,73.0,50.0,73.0,11,none,,72.62,43.2,71.9504,61.26575,1786537800,1794227400
TEL,TE Connectivity plc,Technology,Electronic Components,61455826944,211.96,20.739727,16.427252,4.6395974,13.349,0.23290001,0.15609,0.20775,0.138,0.192,43.441,2336875008,1.47,1.158,247.36842,306.0,215.0,235.0,19,buy,1.78947,252.56,190.27,206.124,215.86365,1784723400,1793190600
TER,"Teradyne, Inc.",Technology,Semiconductor Equipment & Materials,59365711872,379.72,52.08779,32.587082,17.28593,39.303,0.36465,0.25766,0.33161,1.039,3.858,2.883,437381248,0.14,1.778,446.46667,550.0,350.0,450.0,15,buy,1.64706,487.91,110.91,365.8196,320.5843,1785268800,1792612800
TFC,Truist Financial Corporation,Financial Services,Banks - Regional,61569966080,50.4,11.586207,10.13377,1.0491694,,0.09059,0.30692,0.39815,0.082,0.367,,,4.13,0.862,54.91667,61.0,45.0,55.0,18,hold,2.66667,56.2,40.78,51.5234,49.7852,1792153800,1792153800
TGT,Target Corporation,Consumer Defensive,Discount Stores,70792241152,155.83,16.148188,16.330616,3.9674618,9.843,0.26408002,0.04078,0.06044,0.053,1.005,107.583,3432999936,2.98,0.986,162.76471,200.0,125.0,160.5,34,hold,2.52632,170.75,83.44,148.9682,123.93295,1795005000,1795005000
TJX,"TJX Companies, Inc. (The)",Consumer Cyclical,Apparel Retail,139214848000,126.02,23.2939,21.827238,13.386446,16.504,0.62171,0.09729,0.10909,0.054,0.236,134.419,4398125056,1.52,0.593,169.8,198.0,136.0,175.0,20,buy,1.59091,170.0,124.87,148.0114,154.29805,1795005000,1795005000
TKO,"TKO Group Holdings, Inc.",Communication Services,Entertainment,36019916800,190.31,66.77544,40.523735,4.165335,14.347,0.07063,0.0433,0.32388002,0.182,0.144,59.216,856147520,1.66,0.643,231.15788,250.0,185.0,235.0,19,none,,226.94,176.0,188.3656,197.50465,1785787200,1793822400
TMO,Thermo Fisher Scientific Inc,Healthcare,Diagnostics & Research,225479294976,609.82,32.786022,22.150167,4.2802496,22.497,0.13515,0.15036,0.18751,0.105,0.094,80.575,6237250048,0.31,0.854,645.14813,750.0,520.0,650.0,27,buy,1.51724,647.0,435.27,578.485,536.6296,1784809800,1792585800
TMUS,"T-Mobile US, Inc.",Communication Services,Telecom Services,195580215296,182.33,19.092146,12.628008,3.4830368,9.112,0.17994,0.11455,0.2522,0.079,0.053,214.035,11335999488,2.24,0.331,243.375,300.0,169.0,235.0,24,buy,1.7037,244.24,165.66,181.8394,193.9619,1784809800,1792672200
TPL,Texas Pacific Land Corporation,Energy,Oil & Gas E&P,25458554880,369.1,47.19949,5.0478663,16.362267,34.019,0.36566,0.60322,0.78177,0.312,0.327,1.077,-32836124,0.65,0.618,443.0,639.0,247.0,443.0,2,hold,3.0,547.2,269.23334,384.3724,393.0356,1785960000,1793822400
TPR,"Tapestry, Inc.",Consumer Cyclical,Luxury Goods,23625920512,118.49,16.276098,13.314185,34.305153,13.062,1.97135,0.19086,0.19823,0.089,,571.608,1399924992,1.56,1.432,166.5,232.0,96.0,167.0,20,buy,1.77273,164.8,93.0,138.4238,138.60216,1793881800,1793881800
TRGP,"Targa Resources, Inc.",Energy,Oil & Gas Midstream,62238605312,290.25,27.77512,24.028133,19.87061,14.883,0.70839995,0.13545,0.27803,0.042,0.233,515.794,65837500,1.72,0.722,318.0476,351.0,275.0,318.0,21,strong_buy,1.45455,307.94,144.14,279.7176,240.40256,1786019400,1793881800
TRMB,Trimble Inc.,Technology,Scientific & Technical Instruments,13445149696,57.66,,13.983605,2.3699136,16.691,-0.01939,-0.027679998,0.15134,0.11,,28.553,686174976,,1.362,80.18182,94.0,61.0,80.0,11,strong_buy,1.38462,84.42,47.92,56.5692,64.44745,1786537800,1793795400
TROW,"T. Rowe Price Group, Inc.",Financial Services,Asset Management,22673342464,106.29,10.671687,10.302044,2.0607224,7.106,0.19399999,0.29262,0.28688,0.107,0.286,3.702,2023912448,4.83,1.48,109.33333,124.0,90.0,111.5,12,hold,3.38462,122.0,85.22,114.0062,103.8247,1785501000,1793363400
TRV,"The Travelers Companies, Inc.",Financial Services,Insurance - Property & Casualty,78257348608,375.2,10.080602,12.420288,2.3630478,7.166,0.26511,0.16951999,0.23698,0.003,0.571,27.378,14775124992,1.33,0.451,360.33334,430.0,262.0,359.5,24,hold,2.96552,398.7,252.26,366.1688,314.04834,1784291400,1792067400
TSCO,Tractor Supply Company,Consumer Cyclical,Specialty Retail,17199534080,33.01,17.192707,16.091764,6.569154,12.174,0.39513,0.06425,0.120740004,0.023,-0.15,248.71,103175000,2.91,0.469,35.62963,46.0,28.0,35.0,27,buy,2.1,60.86,28.36,32.9402,41.49955,1784809800,1792672200
TSLA,"Tesla, Inc.",Consumer Cyclical,Auto Manufacturers,1443322658816,365.44,332.21817,169.29648,16.614685,131.71,0.046669997,0.03671,0.014099999,0.255,-0.03,18.373,4835999744,,1.845,390.09283,600.0,125.0,410.0,39,buy,2.40909,498.83,297.38,354.4982,398.9255,1784750400,1792612800
TSN,"Tyson Foods, Inc.",Consumer Defensive,Farm Products,18638444544,52.98,32.703705,12.691736,1.0309398,9.383,0.03263,0.01031,0.02711,-0.001,2.041,44.025,1191250048,3.85,0.371,65.08333,76.0,56.0,65.5,12,hold,2.61538,69.48,50.56,57.1344,60.45555,1785760200,1794227400
TT,Trane Technologies plc,Industrials,Building Products & Equipment,97364656128,442.52,32.999252,25.24727,11.305503,23.37,0.36643,0.13278,0.19251,0.106,0.071,53.404,3121687552,0.95,1.197,526.99146,575.0,422.0,532.0,21,buy,2.0,505.87,348.06,465.1926,445.131,1785414600,1793277000
TTD,"The Trade Desk, Inc.",Communication Services,Advertising Agencies,6738081792,14.34,17.07143,14.22859,2.6158338,8.148,0.15441,0.13608,0.14205,0.03,-0.236,16.863,582992768,,1.005,13.56667,21.0,9.0,13.5,30,hold,3.11111,56.39,12.83,16.2178,24.519976,1786046400,1793908800
TTWO,"Take-Two Interactive Software, ",Communication Services,Electronic Gaming & Multimedia,40288677888,215.47,,20.935333,11.378254,54.021,-0.09039,-0.04792,0.0051499996,0.02,,81.607,1256137472,,0.966,286.4417,368.0,170.0,290.0,29,strong_buy,1.2069,265.94,187.63,237.0854,227.41776,1786105800,1794227400
TXN,Texas Instruments Incorporated,Technology,Semiconductors,245389656064,268.7,40.83587,25.242254,13.623689,26.517,0.35176,0.31111,0.42576998,0.228,0.518,78.036,3545250048,2.19,1.314,324.7097,400.0,225.0,340.0,31,buy,2.08333,334.03,152.73,277.643,241.4839,1784750400,1793131200
TXT,Textron Inc.,Industrials,Aerospace & Defense,14085007360,81.0,15.254237,11.15237,1.7291805,9.944,0.12126,0.06125,0.08701,0.03,0.052,52.285,452750016,0.1,0.898,102.06667,115.0,92.0,100.0,15,buy,2.1875,101.57,78.12,86.959,90.04005,1785241800,1792672200
TYL,"Tyler Technologies, Inc.",Technology,Software - Application,13787402240,336.67,44.240475,21.930685,4.537087,31.127,0.09731,0.13361,0.14741,0.082,0.155,47.906,594435648,,0.835,426.63635,525.0,335.0,427.5,22,none,,547.93,270.71,328.9268,355.0338,1785355200,1793217600
UAL,"United Airlines Holdings, Inc.",Industrials,Airlines,35644248064,109.82,10.273153,7.443698,2.134873,7.429,0.23252001,0.05558,0.05534,0.16,-0.172,201.641,910124992,,1.272,158.54349,203.0,95.0,160.0,23,strong_buy,1.36,138.77,84.64,119.386,108.61865,1784145600,1792612800
UBER,"Uber Technologies, Inc.",Technology,Software - Application,146390286336,71.67,15.717105,16.267635,5.3525014,20.981,0.3716,0.17345,0.13317999,0.122,0.855,51.872,7244749824,,1.159,101.21489,150.0,70.0,100.0,47,buy,1.56863,101.99,65.41,73.928,76.0259,1785933000,1793709000
UDR,"UDR, Inc.",Real Estate,REIT - Residential,13012508672,35.12,22.227846,62.714283,3.8965938,17.505,0.13739,0.29563,0.20177999,-0.001,0.909,156.144,779827776,4.92,0.685,41.92857,46.0,38.0,42.0,21,buy,2.36364,42.0,32.94,38.323,37.11835,1785182400,1793217600
UHS,"Universal Health Services, Inc.",Healthcare,Medical Care Facilities,10303870976,174.83,7.138832,7.279103,1.3713232,5.767,0.20948,0.08424,0.1114,0.083,0.101,68.74,498316992,0.46,1.061,193.64706,290.0,166.0,191.0,17,buy,2.4,246.33,140.08,165.3536,184.9363,1785182400,1793044800
ULTA,"Ulta Beauty, Inc.",Consumer Cyclical,Specialty Retail,23378931712,546.78,19.919127,17.059038,8.6141,13.281,0.46117002,0.0934,0.12505999,0.089,0.133,95.472,914087360,,0.854,627.64,731.0,450.0,635.0,25,buy,1.85714,714.97,443.6,512.0732,557.08014,1796328000,1796328000
UNH,UnitedHealth Group Incorporated,Healthcare,Healthcare Plans,340269203456,379.09,24.394466,16.89698,3.4848917,14.603,0.14152999,0.03135,0.071329996,0.004,0.615,69.211,24272250880,2.39,0.622,475.23077,529.0,313.0,490.0,26,buy,1.55556,461.62,255.97,409.1662,353.026,1784205000,1793104200
UNP,Union Pacific Corporation,Industrials,Railroads,168955068416,284.4,23.047,20.091883,8.69512,15.369,0.39696,0.28847,0.40982,0.115,0.066,150.772,4720750080,2.0,0.966,329.25,375.0,245.0,337.0,24,buy,1.8,315.99,214.32,294.6338,261.54816,1784809800,1792672200
UPS,"United Parcel Service, Inc.",Industrials,Integrated Freight & Logistics,85316378624,100.28,18.639404,12.41873,5.6639366,9.051,0.29602,0.050819997,0.09052,0.076,-0.53,189.9,5593999872,6.54,1.038,116.07692,135.0,76.0,117.5,26,buy,2.17241,122.41,82.0,107.0596,105.0357,1793104200,1793104200
URI,"United Rentals, Inc.",Industrials,Rental & Leasing Services,61565288448,989.12,23.811266,17.262035,6.6846886,16.38,0.28895,0.15673,0.25986,0.118,0.255,166.793,1706249984,0.8,1.787,1269.3334,1610.0,950.0,1317.0,21,buy,1.77273,1179.18,701.59,1078.3328,931.66626,1784750400,1792612800
USB,U.S. Bancorp,Financial Services,Banks - Regional,97907957760,62.84,12.542913,10.861017,1.6149675,,0.12623,0.29896,0.39646998,0.104,0.216,,,3.46,0.971,70.33333,77.0,65.0,69.0,21,buy,1.86957,66.08,45.02,63.1602,57.0358,1792067400,1792067400
V,Visa Inc.,Financial Services,Credit Services,691647676416,370.45,31.554516,24.68959,19.631691,22.238,0.6119,0.50782,0.66130996,0.144,0.102,67.821,20404000768,0.72,0.761,419.36163,466.0,330.0,422.0,37,strong_buy,1.45,385.57,293.89,365.2256,334.9534,1785268800,1793131200
VEEV,Veeva Systems Inc.,Healthcare,Health Information Services,42484879360,262.4,43.087025,25.598402,5.8534846,32.914,0.14425,0.29345,0.29637,0.176,0.395,2.041,1257709824,,0.974,297.2963,350.0,180.0,300.0,27,buy,2.0,310.5,148.05,226.7994,198.56065,1787774400,1795636800
VICI,VICI Properties Inc.,Real Estate,REIT - Diversified,27339753472,24.83,9.624031,8.304348,0.9372287,12.452,0.09849,0.67496,0.70182997,0.057,-0.414,60.277,267028992,7.44,0.682,32.33333,38.0,26.0,32.0,24,buy,1.84,33.24,24.66,26.2392,27.77695,1785355200,1793304000
VLO,Valero Energy Corporation,Energy,Oil & Gas Refining & Marketing,112412639232,390.42,16.28786,11.63481,4.496372,8.906,0.27637,0.05446,0.12269,0.517,4.535,40.148,8416374784,1.25,0.568,339.4737,450.0,190.0,350.0,19,buy,2.35,399.26,155.29,324.8478,243.85555,1792672200,1792672200
VLTO,Veralto Corp,Industrials,Pollution & Treatment Controls,22940952576,94.1,23.70277,19.727547,7.4199653,17.565,0.34312,0.17346,0.21370001,0.075,0.101,115.978,807124992,0.55,0.759,114.0,136.0,100.0,112.5,14,buy,1.875,109.525,80.03,95.569,93.3579,1785268800,1792612800
VMC,Vulcan Materials Company (Holdi,Basic Materials,Building Materials,32749729792,252.74,29.769142,23.665392,3.8636398,16.033,0.13234,0.13748,0.21611,0.025,0.027,58.22,843600000,0.82,1.054,322.54544,365.0,198.0,334.0,22,buy,1.91304,331.09,246.2,278.5578,287.7442,1785328200,1793277000
VRSK,"Verisk Analytics, Inc.",Industrials,Consulting Services,23086047232,176.2,27.107693,20.261606,-19.768877,17.811,,0.28237,0.45106998,0.044,-0.034,,1055550016,1.14,0.662,234.76471,260.0,195.0,235.0,17,buy,2.05263,263.67,155.94,190.1868,193.6357,1785328200,1793190600
VRSN,"VeriSign, Inc.",Technology,Software - Infrastructure,26460983296,292.71,31.781757,26.63002,-11.738921,23.388,,0.49769002,0.68178004,0.06,0.077,,832837504,1.11,0.699,321.4,355.0,270.0,325.0,5,buy,2.0,312.48,208.86,281.721,262.5219,1784836800,1792699200
VRT,"Vertiv Holdings, LLC",Industrials,Electrical Equipment & Parts,98965053440,257.06,58.15837,28.179111,20.799417,37.029,0.43943,0.15088001,0.20362,0.241,0.53,70.166,2696537600,0.1,2.075,338.15384,427.0,236.0,345.0,26,strong_buy,1.39286,379.935,132.685,278.7326,259.42264,1785328200,1792585800
VRTX,Vertex Pharmaceuticals Incorpor,Healthcare,Biotechnology,130560950272,515.44,29.984875,25.60175,6.449369,24.462,0.23542999,0.34997,0.38055,0.125,0.08,9.767,2627887616,,0.32,569.1852,672.0,350.0,575.0,27,buy,1.67742,560.25,374.17,510.65,468.0197,1793649600,1793649600
VST,Vistra Corp.,Utilities,Utilities - Independent Power Producers,49801551872,148.38,24.9798,14.314643,16.584332,10.888,0.42962003,0.1155,0.13766,-0.055,-0.062,373.28,37125000,0.62,1.414,217.42105,305.0,106.0,221.0,19,strong_buy,1.35,219.82,132.66,148.854,157.275,1786105800,1793881800
VTR,"Ventas, Inc.",Real Estate,REIT - Healthcare Facilities,46160044032,89.99,163.61818,113.911385,3.1510205,24.967,0.02012,0.04093,0.14807999,0.217,-0.067,84.928,1486853504,2.31,0.724,101.86364,113.0,90.0,102.0,22,buy,1.6087,101.6,66.54,92.896,85.3741,1785355200,1793217600
VTRS,Viatris Inc.,Healthcare,Drug Manufacturers - Specialty & Generic,18963234816,16.51,,6.205321,1.3115666,7.24,-0.02754,-0.02787,0.12550999,0.049,,95.535,2677337600,2.93,0.883,18.66667,23.0,12.0,20.0,9,buy,2.09091,18.39,9.43,16.7918,14.84265,1786019400,1793881800
VZ,Verizon Communications Inc.,Communication Services,Telecom Services,210273173504,50.61,13.1796875,9.585809,2.023429,7.897,0.15842,0.11643,0.22999,-0.007,-0.22,184.081,17466624000,5.66,0.24,51.58182,71.0,44.0,51.5,22,buy,2.36,51.68,38.39,46.9272,45.89755,1784896200,1792499400
WAB,Westinghouse Air Brake Technolo,Industrials,Railroads,47838928896,283.22,38.16981,22.76282,4.2707644,20.424,0.11553001,0.10593,0.19188,0.175,0.189,61.686,1101374976,0.44,0.921,329.16666,355.0,292.0,335.0,12,none,,306.64,184.26,284.5646,255.9163,1784723400,1792585800
WAT,Waters Corporation,Healthcare,Diagnostics & Research,40093212672,408.34,103.11616,24.678047,2.6396286,31.03,0.019199999,0.03588,0.09422,1.134,,36.045,-142067632,,1.194,442.70834,490.0,349.0,452.5,24,buy,1.68,426.22,282.77,394.1302,361.2355,1785846600,1793363400
WBD,"Warner Bros. Discovery, Inc. - ",Communication Services,Entertainment,70300114944,28.04,,400.57144,2.1416023,12.854,-0.08786,-0.08769,0.05105,-0.112,-0.906,94.199,16167374848,,1.571,29.81818,31.25,26.0,31.0,11,hold,2.73684,30.0,17.08,27.1972,27.391,1786019400,1793881800
WDAY,"Workday, Inc.",Technology,Software - Application,44753698816,185.7,37.7439,14.04538,6.9190354,28.451,0.16006,0.12319,0.11816,0.128,2.06,58.39,3046374912,,1.082,208.68184,275.0,92.0,216.5,38,buy,2.2619,249.85,110.36,170.6414,159.43906,1787860800,1787860800
WDC,Western Digital Corporation,Technology,Computer Hardware,161226686464,447.18,16.61144,14.084618,21.380825,32.155,1.30853,0.72947,0.43608,0.438,9.841,13.436,2268750080,0.13,2.182,664.9167,1050.0,420.0,640.0,24,buy,1.53846,799.87,99.72,494.8244,379.2218,1785960000,1793908800
WEC,"WEC Energy Group, Inc.",Utilities,Utilities - Regulated Electric,34321715200,105.33,20.452427,17.55822,2.5181096,14.56,0.11988,0.16686001,0.21802999,0.026,0.197,157.985,-2353637376,3.62,0.457,121.61765,140.0,108.5,121.0,17,buy,2.36842,119.91,102.95,110.3374,111.62935,1785328200,1793277000
WELL,Welltower Inc.,Real Estate,REIT - Healthcare Facilities,169781182464,235.62,105.1875,74.09434,3.6494584,56.525,0.03836,0.12149999,0.16561002,0.391,0.356,41.375,2756164352,1.44,0.76,261.5909,292.0,219.0,260.5,22,buy,1.68182,255.2,163.75,237.7516,211.66835,1785182400,1793044800
WFC,Wells Fargo & Company,Financial Services,Banks - Diversified,273036886016,90.29,13.123547,11.426279,1.6973718,,0.12575,0.27232,0.37387002,0.095,0.25,,,2.22,0.916,100.63043,115.0,90.0,102.0,23,buy,1.88462,97.76,72.78,87.0774,85.1127,1791894600,1791894600
WM,"Waste Management, Inc.",Industrials,Waste Management,85323210752,213.46,30.192362,23.407654,8.602056,13.908,0.29841,0.11115,0.18986,0.04,0.083,235.301,2348375040,1.77,0.431,259.92,277.0,220.0,263.0,25,buy,1.75,248.13,194.11,227.666,225.226,1785268800,1793044800
WMB,"Williams Companies, Inc. (The)",Energy,Oil & Gas Midstream,89107750912,72.85,29.023905,27.979523,6.772964,17.334,0.21503,0.24937001,0.39540002,0.078,0.512,200.371,-1516749952,2.88,0.618,85.4,103.0,69.0,85.0,20,strong_buy,1.42857,80.08,56.19,73.3034,70.44805,1785787200,1793649600
WMT,Walmart Inc.,Consumer Defensive,Discount Stores,850100944896,107.15,38.822464,33.168446,9.043721,20.88,0.22313999,0.03,0.0345,0.059,-0.091,71.653,7127625216,0.92,0.595,127.425,155.0,81.0,130.0,40,buy,1.53488,135.16,98.88,110.3306,118.7209,1795091400,1795091400
WRB,W.R. Berkley Corporation,Financial Services,Insurance - Property & Casualty,25948805120,69.9,14.382716,14.439434,2.7995834,10.222,0.20207001,0.12943,0.16385001,0.012,0.15,31.527,3045504768,0.57,0.283,69.52941,83.0,51.0,70.0,17,none,,78.96,62.87,71.0028,69.1063,1784577600,1792440000
WSM,"Williams-Sonoma, Inc.",Consumer Cyclical,Specialty Retail,26642653184,226.23,23.203077,21.516779,14.246222,16.355,0.54960996,0.14729,0.17272,0.067,0.42,71.369,1069320128,1.36,1.463,247.85,280.0,151.0,257.0,20,buy,2.17391,254.89,165.51,232.071,205.3688,1787747400,1795005000
WST,"West Pharmaceutical Services, I",Healthcare,Medical Instruments & Supplies,24366200832,346.23,44.274937,34.70421,8.151575,26.581,0.19087,0.1698,0.22469,0.138,0.181,10.585,277937504,0.25,1.135,405.375,459.0,340.0,410.0,16,strong_buy,1.41176,386.0,223.83,348.8318,295.3192,1784809800,1792672200
WTW,Willis Towers Watson Public Lim,Financial Services,Insurance Brokers,29311309824,315.61,19.530321,13.807745,3.818032,12.37,0.19761999,0.15492,0.17559,0.091,-0.268,91.39,1415624960,1.22,0.417,379.94736,455.0,303.0,385.0,19,buy,1.7619,352.79,240.61,320.0952,300.2443,1785414600,1793277000
WY,Weyerhaeuser Company,Real Estate,REIT - Specialty,15899436032,22.06,33.42424,32.804924,1.6812742,30.264,0.04974,0.06888,0.080340005,-0.009,0.871,57.625,13625000,3.81,0.89,31.0,38.0,28.0,30.0,11,buy,1.66667,27.75,21.16,23.9746,24.2852,1785441600,1793304000
WYNN,"Wynn Resorts, Limited",Consumer Cyclical,Resorts & Casinos,9030809600,87.7,21.031174,17.02139,-52.73602,10.173,,0.060549997,0.16537,0.069,1.061,,476188864,1.14,0.991,132.005,144.0,116.0,133.0,20,strong_buy,1.19048,134.72,86.96,97.3046,106.5358,1785873600,1793908800
XEL,Xcel Energy Inc.,Utilities,Utilities - Regulated Electric,47159889920,75.5,20.68493,16.620657,1.9596138,14.175,0.0992,0.15278,0.22700001,-0.051,0.24,173.135,-7907999744,3.14,0.399,91.76471,101.0,74.0,92.0,17,strong_buy,1.44444,84.23,71.35,78.3458,78.54965,1785414600,1793277000
XOM,ExxonMobil Holdings Corporation,Energy,Oil & Gas Integrated,682536271872,165.99,21.362936,15.382733,2.6314204,10.613,0.12584,0.09072,0.15859,0.441,1.128,15.921,20671000576,2.48,0.175,170.90909,200.0,142.0,170.0,22,buy,2.32,176.41,110.39,155.1706,145.66885,1785501000,1793363400
XYL,Xylem Inc.,Industrials,Specialty Industrial Machinery,24973750272,106.96,25.466667,17.125902,2.2694674,13.649,0.09182999,0.111549996,0.16995001,0.015,0.195,28.642,1183750016,1.61,1.0,153.875,180.0,129.0,159.5,16,buy,1.85714,154.27,105.29,116.7526,123.6076,1785241800,1793709000
YUM,"Yum! Brands, Inc.",Consumer Cyclical,Restaurants,38443573248,140.87,17.719496,20.070383,-5.3384113,16.68,,0.25406998,0.32779998,0.122,1.316,,833249984,2.13,0.551,173.79091,200.0,147.0,175.0,22,buy,2.11538,170.14,137.33,152.0994,154.73766,1793709000,1793709000
ZBH,"Zimmer Biomet Holdings, Inc.",Healthcare,Medical Devices,17832067072,93.49,22.691748,10.310722,1.4115533,9.892,0.06413,0.09481,0.17959999,0.048,0.338,60.175,1072150016,1.03,0.471,107.57143,130.0,93.0,106.0,21,buy,2.44444,106.88,79.12,95.332,91.4395,1785933000,1793881800
ZBRA,Zebra Technologies Corporation,Technology,Communication Equipment,16689311744,350.37,32.14404,15.79563,4.8336897,16.369,0.15286,0.092180006,0.21259001,0.204,1.215,86.23,576750016,,1.607,410.29938,455.0,350.0,414.0,16,buy,1.88235,386.23,199.05,321.908,259.54745,1793709000,1793709000
ZTS,Zoetis Inc.,Healthcare,Drug Manufacturers - Specialty & Generic,30152927232,72.97,11.903752,11.172115,9.308585,9.28,0.64911,0.27685,0.40721,-0.002,0.012,293.996,2016999936,2.91,0.729,96.0,155.0,80.0,94.0,15,buy,2.22222,149.75,71.0,75.5576,102.13595,1786019400,1793709000
